[Licensing::Module] Trying to connect to existing licensing client channel...
Built from '6000.0/staging' branch; Version is '6000.0.62f1 (f99f05b3e950) revision 16359173'; Using compiler version '193933523'; Build Type 'Release'
[Licensing::IpcConnector] Successfully connected to: "LicenseClient-max47" at "2025-11-29T07:16:04.8525447Z"
OS: 'Windows 11  (10.0.26200) 64bit Core' Language: 'ko' Physical Memory: 81806 MB
BatchMode: 1, IsHumanControllingUs: 0, StartBugReporterOnCrash: 0, Is64bit: 1
Date: 2025-11-29T07:16:04Z

COMMAND LINE ARGUMENTS:
C:\Program Files\Unity\Hub\Editor\6000.0.62f1\Editor\Unity.exe
-adb2
-batchMode
-noUpm
-name
AssetImportWorker4
-projectPath
C:/Users/max47/Desktop/Coding/CG_AR_Project/CG_AR
-logFile
Logs/AssetImportWorker4.log
-srvPort
49967
-licensingIpc
LicenseClient-max47
-job-worker-count
7
-background-job-worker-count
8
-gc-helper-count
1
-name
AssetImport
Successfully changed project path to: C:/Users/max47/Desktop/Coding/CG_AR_Project/CG_AR
C:/Users/max47/Desktop/Coding/CG_AR_Project/CG_AR
[UnityMemory] Configuration Parameters - Can be set up in boot.config
    "memorysetup-bucket-allocator-granularity=16"
    "memorysetup-bucket-allocator-bucket-count=8"
    "memorysetup-bucket-allocator-block-size=33554432"
    "memorysetup-bucket-allocator-block-count=8"
    "memorysetup-main-allocator-block-size=16777216"
    "memorysetup-thread-allocator-block-size=16777216"
    "memorysetup-gfx-main-allocator-block-size=16777216"
    "memorysetup-gfx-thread-allocator-block-size=16777216"
    "memorysetup-cache-allocator-block-size=4194304"
    "memorysetup-typetree-allocator-block-size=2097152"
    "memorysetup-profiler-bucket-allocator-granularity=16"
    "memorysetup-profiler-bucket-allocator-bucket-count=8"
    "memorysetup-profiler-bucket-allocator-block-size=33554432"
    "memorysetup-profiler-bucket-allocator-block-count=8"
    "memorysetup-profiler-allocator-block-size=16777216"
    "memorysetup-profiler-editor-allocator-block-size=1048576"
    "memorysetup-temp-allocator-size-main=16777216"
    "memorysetup-job-temp-allocator-block-size=2097152"
    "memorysetup-job-temp-allocator-block-size-background=1048576"
    "memorysetup-job-temp-allocator-reduction-small-platforms=262144"
    "memorysetup-allocator-temp-initial-block-size-main=262144"
    "memorysetup-allocator-temp-initial-block-size-worker=262144"
    "memorysetup-temp-allocator-size-background-worker=32768"
    "memorysetup-temp-allocator-size-job-worker=262144"
    "memorysetup-temp-allocator-size-preload-manager=33554432"
    "memorysetup-temp-allocator-size-nav-mesh-worker=65536"
    "memorysetup-temp-allocator-size-audio-worker=65536"
    "memorysetup-temp-allocator-size-cloud-worker=32768"
    "memorysetup-temp-allocator-size-gi-baking-worker=262144"
    "memorysetup-temp-allocator-size-gi-baking-worker=262144"
    "memorysetup-temp-allocator-size-gi-baking-worker=262144"
    "memorysetup-temp-allocator-size-gi-baking-worker=262144"
    "memorysetup-temp-allocator-size-gi-baking-worker=262144"
    "memorysetup-temp-allocator-size-gfx=262144"
Player connection [3176]  Target information:

Player connection [3176]  * "[IP] 192.168.55.62 [Port] 0 [Flags] 2 [Guid] 1538465895 [EditorId] 1538465895 [Version] 1048832 [Id] WindowsEditor(7,DESKTOP-T2D631S) [Debug] 1 [PackageName] WindowsEditor [ProjectName] Editor" 

Player connection [3176]  * "[IP] 25.2.237.252 [Port] 0 [Flags] 2 [Guid] 1538465895 [EditorId] 1538465895 [Version] 1048832 [Id] WindowsEditor(7,DESKTOP-T2D631S) [Debug] 1 [PackageName] WindowsEditor [ProjectName] Editor" 

Player connection [3176] Host joined multi-casting on [225.0.0.222:54997]...
Player connection [3176] Host joined alternative multi-casting on [225.0.0.222:34997]...
JobSystem: Creating JobQueue using job-worker-count value 7
Input System module state changed to: Initialized.
[Physics::Module] Initialized fallback backend.
[Physics::Module] Id: 0xdecafbad
[Licensing::Client] Code 10 while verifying Licensing Client signature (process Id: 20032, path: "C:/Program Files/Unity Hub/UnityLicensingClient_V1/Unity.Licensing.Client.exe")
[Licensing::Module] LicensingClient has failed validation; ignoring
[Licensing::Client] Handshaking with LicensingClient:
  Version:                 1.17.3+a4e98f1
  Session Id:              9618f9594803465490bc5eaecd05ef4f
  Correlation Id:          f86b681fac175e44d627ee189bf0433f
  External correlation Id: 6805903751982524487
  Machine Id:              tPWMygaGO4rQgAowvWTBm/eOxLI=
[Licensing::Module] Successfully connected to LicensingClient on channel: "LicenseClient-max47" (connect: 0.00s, validation: 0.00s, handshake: 0.07s)
[Licensing::IpcConnector] Successfully connected to: "LicenseClient-max47-notifications" at "2025-11-29T07:16:04.9216833Z"
[Licensing::Module] Licensing Background thread has ended after 0.07s
Library Redirect Path: Library/
[Physics::Module] Selected backend.
[Physics::Module] Name: PhysX
[Physics::Module] Id: 0xf2b8ea05
[Physics::Module] SDK Version: 4.1.2
[Physics::Module] Integration Version: 1.0.0
[Physics::Module] Threading Mode: Multi-Threaded
[Licensing::Client] Successfully resolved entitlement details
[Licensing::Module] License group:
  Id: 14569195090147-UnityPersXXXX
  Product: Unity Personal
  Type: Assigned
  Expiration: Unlimited
Refreshing native plugins compatible for Editor in 13.02 ms, found 6 plugins.
Preloading 1 native plugins for Editor in 1.75 ms.
Initialize engine version: 6000.0.62f1 (f99f05b3e950)
[Subsystems] Discovering subsystems at path C:/Program Files/Unity/Hub/Editor/6000.0.62f1/Editor/Data/Resources/UnitySubsystems
[Subsystems] Discovering subsystems at path C:/Users/max47/Desktop/Coding/CG_AR_Project/CG_AR/Assets
GfxDevice: creating device client; kGfxThreadingModeNonThreaded
Direct3D:
    Version:  Direct3D 11.0 [level 11.1]
    Renderer: NVIDIA GeForce RTX 3070 (ID=0x2488)
    Vendor:   NVIDIA
    VRAM:     8018 MB
    Driver:   32.0.15.8180
Initialize mono
Mono path[0] = 'C:/Program Files/Unity/Hub/Editor/6000.0.62f1/Editor/Data/Managed'
Mono path[1] = 'C:/Program Files/Unity/Hub/Editor/6000.0.62f1/Editor/Data/MonoBleedingEdge/lib/mono/unityjit-win32'
Mono config path = 'C:/Program Files/Unity/Hub/Editor/6000.0.62f1/Editor/Data/MonoBleedingEdge/etc'
Using monoOptions --debugger-agent=transport=dt_socket,embedding=1,server=y,suspend=n,address=127.0.0.1:56384
Begin MonoManager ReloadAssembly
Registering precompiled unity dll's ...
Register platform support module: C:/Program Files/Unity/Hub/Editor/6000.0.62f1/Editor/Data/PlaybackEngines/WindowsStandaloneSupport/UnityEditor.WindowsStandalone.Extensions.dll
Register platform support module: C:/Program Files/Unity/Hub/Editor/6000.0.62f1/Editor/Data/PlaybackEngines/AndroidPlayer/UnityEditor.Android.Extensions.dll
[Licensing::Client] Successfully resolved entitlement details
Register platform support module: C:/Program Files/Unity/Hub/Editor/6000.0.62f1/Editor/Data/PlaybackEngines/iOSSupport/UnityEditor.iOS.Extensions.dll
Register platform support module: C:/Program Files/Unity/Hub/Editor/6000.0.62f1/Editor/Data/PlaybackEngines/AppleTVSupport/UnityEditor.AppleTV.Extensions.dll
Registered in 0.017194 seconds.
- Loaded All Assemblies, in  0.513 seconds
[usbmuxd] Start listen thread
[usbmuxd] Listen thread started
Native extension for AppleTV target not found
[usbmuxd] Start listen thread
[usbmuxd] Listen thread started
Native extension for iOS target not found
Native extension for Android target not found
Android Extension - Scanning For ADB Devices 375 ms
Native extension for WindowsStandalone target not found
Mono: successfully reloaded assembly
- Finished resetting the current domain, in  0.749 seconds
Domain Reload Profiling: 1252ms
	BeginReloadAssembly (186ms)
		ExecutionOrderSort (0ms)
		DisableScriptedObjects (0ms)
		BackupInstance (0ms)
		ReleaseScriptingObjects (0ms)
		CreateAndSetChildDomain (1ms)
	RebuildCommonClasses (39ms)
	RebuildNativeTypeToScriptingClass (11ms)
	initialDomainReloadingComplete (88ms)
	LoadAllAssembliesAndSetupDomain (178ms)
		LoadAssemblies (178ms)
		RebuildTransferFunctionScriptingTraits (0ms)
		AnalyzeDomain (173ms)
			TypeCache.Refresh (171ms)
				TypeCache.ScanAssembly (157ms)
			BuildScriptInfoCaches (0ms)
			ResolveRequiredComponents (1ms)
	FinalizeReload (749ms)
		ReleaseScriptCaches (0ms)
		RebuildScriptCaches (0ms)
		SetupLoadedEditorAssemblies (705ms)
			LogAssemblyErrors (0ms)
			InitializePlatformSupportModulesInManaged (482ms)
			SetLoadedEditorAssemblies (4ms)
			BeforeProcessingInitializeOnLoad (53ms)
			ProcessInitializeOnLoadAttributes (112ms)
			ProcessInitializeOnLoadMethodAttributes (55ms)
			AfterProcessingInitializeOnLoad (0ms)
			EditorAssembliesLoaded (0ms)
		ExecutionOrderSort2 (0ms)
		AwakeInstancesAfterBackupRestoration (0ms)
========================================================================
Worker process is ready to serve import requests
Import Worker Mode flag is 0x00
Begin MonoManager ReloadAssembly
[Licensing::Client] Successfully resolved entitlement details
- Loaded All Assemblies, in  1.159 seconds
Refreshing native plugins compatible for Editor in 11.34 ms, found 6 plugins.
Missing types referenced from component UniversalRenderPipelineGlobalSettings on game object UniversalRenderPipelineGlobalSettings:
	UnityEngine.Rendering.LightmapSamplingSettings, Unity.RenderPipelines.Core.Runtime (1 object)
	UnityEngine.Rendering.VrsRenderPipelineRuntimeResources, Unity.RenderPipelines.Core.Runtime (1 object)
Native extension for AppleTV target not found
Native extension for iOS target not found
Native extension for Android target not found
Native extension for WindowsStandalone target not found
Refreshing native plugins compatible for Editor in 11.04 ms, found 6 plugins.
Package Manager log level set to [2]
[Package Manager] Failed to launch server process. Reason: Unity was launched with the -noUpm command-line argument
[Package Manager] Unable to send message (not connected to server process).
[Package Manager] Cannot connect to Unity Package Manager local server
System.Reflection.TargetInvocationException: Exception has been thrown by the target of an invocation. ---> System.NullReferenceException: Object reference not set to an instance of an object
  at Unity.XR.Oculus.OculusLoader.AssetPathToAbsolutePath (System.String assetPath) [0x00041] in .\Library\PackageCache\com.unity.xr.oculus@44578ba4bd45\Runtime\OculusLoader.cs:312 
  at Unity.XR.Oculus.OculusLoader.EditorLoadOVRPlugin () [0x000dd] in .\Library\PackageCache\com.unity.xr.oculus@44578ba4bd45\Runtime\OculusLoader.cs:297 
  at (wrapper managed-to-native) System.Reflection.RuntimeMethodInfo.InternalInvoke(System.Reflection.RuntimeMethodInfo,object,object[],System.Exception&)
  at System.Reflection.RuntimeMethodInfo.Invoke (System.Object obj, System.Reflection.BindingFlags invokeAttr, System.Reflection.Binder binder, System.Object[] parameters, System.Globalization.CultureInfo culture) [0x0006a] in <73ac12a12f9a4ebca156b41ddce95fbe>:0 
   --- End of inner exception stack trace ---
  at System.Reflection.RuntimeMethodInfo.Invoke (System.Object obj, System.Reflection.BindingFlags invokeAttr, System.Reflection.Binder binder, System.Object[] parameters, System.Globalization.CultureInfo culture) [0x00083] in <73ac12a12f9a4ebca156b41ddce95fbe>:0 
  at System.Reflection.MethodBase.Invoke (System.Object obj, System.Object[] parameters) [0x00000] in <73ac12a12f9a4ebca156b41ddce95fbe>:0 
  at UnityEditor.EditorAssemblies.ProcessInitializeOnLoadMethodAttributes () [0x00056] in <cd9b23508c04492a9e7051cbb9076578>:0 
UnityEngine.Debug:ExtractStackTraceNoAlloc (byte*,int,string)
UnityEngine.StackTraceUtility:ExtractStackTrace ()
UnityEngine.DebugLogHandler:Internal_Log (UnityEngine.LogType,UnityEngine.LogOption,string,UnityEngine.Object)
UnityEngine.DebugLogHandler:LogFormat (UnityEngine.LogType,UnityEngine.Object,string,object[])
UnityEngine.Logger:Log (UnityEngine.LogType,object)
UnityEngine.Debug:LogError (object)
UnityEditor.EditorAssemblies:ProcessInitializeOnLoadMethodAttributes ()

Mono: successfully reloaded assembly
[Package Manager] Failed to launch server process. Reason: Unity was launched with the -noUpm command-line argument
[Package Manager] Unable to send message (not connected to server process).
[Package Manager] Cannot connect to Unity Package Manager local server
[Package Manager] Failed to launch server process. Reason: Unity was launched with the -noUpm command-line argument
[Package Manager] Unable to send message (not connected to server process).
[Package Manager] Cannot connect to Unity Package Manager local server
- Finished resetting the current domain, in  1.377 seconds
Domain Reload Profiling: 2511ms
	BeginReloadAssembly (218ms)
		ExecutionOrderSort (0ms)
		DisableScriptedObjects (5ms)
		BackupInstance (0ms)
		ReleaseScriptingObjects (0ms)
		CreateAndSetChildDomain (33ms)
	RebuildCommonClasses (38ms)
	RebuildNativeTypeToScriptingClass (10ms)
	initialDomainReloadingComplete (55ms)
	LoadAllAssembliesAndSetupDomain (812ms)
		LoadAssemblies (665ms)
		RebuildTransferFunctionScriptingTraits (0ms)
		AnalyzeDomain (278ms)
			TypeCache.Refresh (212ms)
				TypeCache.ScanAssembly (194ms)
			BuildScriptInfoCaches (52ms)
			ResolveRequiredComponents (11ms)
	FinalizeReload (1377ms)
		ReleaseScriptCaches (0ms)
		RebuildScriptCaches (0ms)
		SetupLoadedEditorAssemblies (1133ms)
			LogAssemblyErrors (0ms)
			InitializePlatformSupportModulesInManaged (26ms)
			SetLoadedEditorAssemblies (7ms)
			BeforeProcessingInitializeOnLoad (280ms)
			ProcessInitializeOnLoadAttributes (684ms)
			ProcessInitializeOnLoadMethodAttributes (115ms)
			AfterProcessingInitializeOnLoad (21ms)
			EditorAssembliesLoaded (0ms)
		ExecutionOrderSort2 (0ms)
		AwakeInstancesAfterBackupRestoration (10ms)
WARNING: Shader Unsupported: 'Hidden/Simulation/URP/Synthetic' - All subshaders removed
WARNING: Shader Did you use #pragma only_renderers and omit this platform?
WARNING: Shader If subshaders removal was intentional, you may have forgotten turning Fallback off?
WARNING: Shader Unsupported: 'Hidden/Simulation/URP/Synthetic' - All subshaders removed
WARNING: Shader Did you use #pragma only_renderers and omit this platform?
WARNING: Shader If subshaders removal was intentional, you may have forgotten turning Fallback off?
WARNING: Shader Unsupported: 'Hidden/Simulation/Synthetic Lit' - All subshaders removed
WARNING: Shader Did you use #pragma only_renderers and omit this platform?
WARNING: Shader If subshaders removal was intentional, you may have forgotten turning Fallback off?
WARNING: Shader Unsupported: 'Hidden/Simulation/Synthetic Lit' - All subshaders removed
WARNING: Shader Did you use #pragma only_renderers and omit this platform?
WARNING: Shader If subshaders removal was intentional, you may have forgotten turning Fallback off?
WARNING: Shader Unsupported: 'Simulation/Standard Lit' - All subshaders removed
WARNING: Shader Did you use #pragma only_renderers and omit this platform?
WARNING: Shader If subshaders removal was intentional, you may have forgotten turning Fallback off?
WARNING: Shader Unsupported: 'Simulation/Standard Lit' - All subshaders removed
WARNING: Shader Did you use #pragma only_renderers and omit this platform?
WARNING: Shader If subshaders removal was intentional, you may have forgotten turning Fallback off?
WARNING: Shader Unsupported: 'Simulation/URP/Room X-Ray' - All subshaders removed
WARNING: Shader Did you use #pragma only_renderers and omit this platform?
WARNING: Shader If subshaders removal was intentional, you may have forgotten turning Fallback off?
WARNING: Shader Unsupported: 'Simulation/URP/Room X-Ray' - All subshaders removed
WARNING: Shader Did you use #pragma only_renderers and omit this platform?
WARNING: Shader If subshaders removal was intentional, you may have forgotten turning Fallback off?
WARNING: Shader Unsupported: 'Simulation/Room X-Ray' - All subshaders removed
WARNING: Shader Did you use #pragma only_renderers and omit this platform?
WARNING: Shader If subshaders removal was intentional, you may have forgotten turning Fallback off?
WARNING: Shader Unsupported: 'Simulation/Room X-Ray' - All subshaders removed
WARNING: Shader Did you use #pragma only_renderers and omit this platform?
WARNING: Shader If subshaders removal was intentional, you may have forgotten turning Fallback off?
WARNING: Shader Unsupported: 'Simulation/URP/Lit' - All subshaders removed
WARNING: Shader Did you use #pragma only_renderers and omit this platform?
WARNING: Shader If subshaders removal was intentional, you may have forgotten turning Fallback off?
WARNING: Shader Unsupported: 'Simulation/URP/Lit' - All subshaders removed
WARNING: Shader Did you use #pragma only_renderers and omit this platform?
WARNING: Shader If subshaders removal was intentional, you may have forgotten turning Fallback off?
Launched and connected shader compiler UnityShaderCompiler.exe after 0.02 seconds
Refreshing native plugins compatible for Editor in 12.44 ms, found 6 plugins.
Preloading 1 native plugins for Editor in 0.17 ms.
Unloading 55 Unused Serialized files (Serialized files now loaded: 0)
Unloading 6423 unused Assets / (12.2 MB). Loaded Objects now: 7078.
Memory consumption went from 147.2 MB to 135.0 MB.
Total: 12.811700 ms (FindLiveObjects: 0.975400 ms CreateObjectMapping: 1.023900 ms MarkObjects: 5.792200 ms  DeleteObjects: 5.018700 ms)

========================================================================
Received Prepare
WARNING: Shader Unsupported: 'Hidden/Simulation/URP/Synthetic' - All subshaders removed
WARNING: Shader Did you use #pragma only_renderers and omit this platform?
WARNING: Shader If subshaders removal was intentional, you may have forgotten turning Fallback off?
WARNING: Shader Unsupported: 'Hidden/Simulation/URP/Synthetic' - All subshaders removed
WARNING: Shader Did you use #pragma only_renderers and omit this platform?
WARNING: Shader If subshaders removal was intentional, you may have forgotten turning Fallback off?
WARNING: Shader Unsupported: 'Hidden/Simulation/Synthetic Lit' - All subshaders removed
WARNING: Shader Did you use #pragma only_renderers and omit this platform?
WARNING: Shader If subshaders removal was intentional, you may have forgotten turning Fallback off?
WARNING: Shader Unsupported: 'Hidden/Simulation/Synthetic Lit' - All subshaders removed
WARNING: Shader Did you use #pragma only_renderers and omit this platform?
WARNING: Shader If subshaders removal was intentional, you may have forgotten turning Fallback off?
WARNING: Shader Unsupported: 'Simulation/Standard Lit' - All subshaders removed
WARNING: Shader Did you use #pragma only_renderers and omit this platform?
WARNING: Shader If subshaders removal was intentional, you may have forgotten turning Fallback off?
WARNING: Shader Unsupported: 'Simulation/Standard Lit' - All subshaders removed
WARNING: Shader Did you use #pragma only_renderers and omit this platform?
WARNING: Shader If subshaders removal was intentional, you may have forgotten turning Fallback off?
WARNING: Shader Unsupported: 'Simulation/URP/Room X-Ray' - All subshaders removed
WARNING: Shader Did you use #pragma only_renderers and omit this platform?
WARNING: Shader If subshaders removal was intentional, you may have forgotten turning Fallback off?
WARNING: Shader Unsupported: 'Simulation/URP/Room X-Ray' - All subshaders removed
WARNING: Shader Did you use #pragma only_renderers and omit this platform?
WARNING: Shader If subshaders removal was intentional, you may have forgotten turning Fallback off?
WARNING: Shader Unsupported: 'Simulation/Room X-Ray' - All subshaders removed
WARNING: Shader Did you use #pragma only_renderers and omit this platform?
WARNING: Shader If subshaders removal was intentional, you may have forgotten turning Fallback off?
WARNING: Shader Unsupported: 'Simulation/Room X-Ray' - All subshaders removed
WARNING: Shader Did you use #pragma only_renderers and omit this platform?
WARNING: Shader If subshaders removal was intentional, you may have forgotten turning Fallback off?
WARNING: Shader Unsupported: 'Simulation/URP/Lit' - All subshaders removed
WARNING: Shader Did you use #pragma only_renderers and omit this platform?
WARNING: Shader If subshaders removal was intentional, you may have forgotten turning Fallback off?
WARNING: Shader Unsupported: 'Simulation/URP/Lit' - All subshaders removed
WARNING: Shader Did you use #pragma only_renderers and omit this platform?
WARNING: Shader If subshaders removal was intentional, you may have forgotten turning Fallback off?
Refreshing native plugins compatible for Editor in 18.96 ms, found 6 plugins.
Preloading 1 native plugins for Editor in 0.26 ms.
Unloading 56 Unused Serialized files (Serialized files now loaded: 0)
Unloading 6396 unused Assets / (12.6 MB). Loaded Objects now: 7064.
Memory consumption went from 146.6 MB to 134.1 MB.
Total: 23.964900 ms (FindLiveObjects: 1.219600 ms CreateObjectMapping: 1.718100 ms MarkObjects: 12.601600 ms  DeleteObjects: 8.422800 ms)

Prepare: number of updated asset objects reloaded= 0
========================================================================
Received Prepare
Begin MonoManager ReloadAssembly
- Loaded All Assemblies, in  1.810 seconds
Refreshing native plugins compatible for Editor in 17.70 ms, found 6 plugins.
Missing types referenced from component UniversalRenderPipelineGlobalSettings on game object UniversalRenderPipelineGlobalSettings:
	UnityEngine.Rendering.LightmapSamplingSettings, Unity.RenderPipelines.Core.Runtime (1 object)
	UnityEngine.Rendering.VrsRenderPipelineRuntimeResources, Unity.RenderPipelines.Core.Runtime (1 object)
Native extension for AppleTV target not found
Native extension for iOS target not found
Native extension for Android target not found
Native extension for WindowsStandalone target not found
[Package Manager] Failed to launch server process. Reason: Unity was launched with the -noUpm command-line argument
[Package Manager] Unable to send message (not connected to server process).
[Package Manager] Cannot connect to Unity Package Manager local server
System.Reflection.TargetInvocationException: Exception has been thrown by the target of an invocation. ---> System.NullReferenceException: Object reference not set to an instance of an object
  at Unity.XR.Oculus.OculusLoader.AssetPathToAbsolutePath (System.String assetPath) [0x00041] in .\Library\PackageCache\com.unity.xr.oculus@44578ba4bd45\Runtime\OculusLoader.cs:312 
  at Unity.XR.Oculus.OculusLoader.EditorLoadOVRPlugin () [0x000dd] in .\Library\PackageCache\com.unity.xr.oculus@44578ba4bd45\Runtime\OculusLoader.cs:297 
  at (wrapper managed-to-native) System.Reflection.RuntimeMethodInfo.InternalInvoke(System.Reflection.RuntimeMethodInfo,object,object[],System.Exception&)
  at System.Reflection.RuntimeMethodInfo.Invoke (System.Object obj, System.Reflection.BindingFlags invokeAttr, System.Reflection.Binder binder, System.Object[] parameters, System.Globalization.CultureInfo culture) [0x0006a] in <73ac12a12f9a4ebca156b41ddce95fbe>:0 
   --- End of inner exception stack trace ---
  at System.Reflection.RuntimeMethodInfo.Invoke (System.Object obj, System.Reflection.BindingFlags invokeAttr, System.Reflection.Binder binder, System.Object[] parameters, System.Globalization.CultureInfo culture) [0x00083] in <73ac12a12f9a4ebca156b41ddce95fbe>:0 
  at System.Reflection.MethodBase.Invoke (System.Object obj, System.Object[] parameters) [0x00000] in <73ac12a12f9a4ebca156b41ddce95fbe>:0 
  at UnityEditor.EditorAssemblies.ProcessInitializeOnLoadMethodAttributes () [0x00056] in <cd9b23508c04492a9e7051cbb9076578>:0 
UnityEngine.Debug:ExtractStackTraceNoAlloc (byte*,int,string)
UnityEngine.StackTraceUtility:ExtractStackTrace ()
UnityEngine.DebugLogHandler:Internal_Log (UnityEngine.LogType,UnityEngine.LogOption,string,UnityEngine.Object)
UnityEngine.DebugLogHandler:LogFormat (UnityEngine.LogType,UnityEngine.Object,string,object[])
UnityEngine.Logger:Log (UnityEngine.LogType,object)
UnityEngine.Debug:LogError (object)
UnityEditor.EditorAssemblies:ProcessInitializeOnLoadMethodAttributes ()

Mono: successfully reloaded assembly
[Package Manager] Failed to launch server process. Reason: Unity was launched with the -noUpm command-line argument
[Package Manager] Unable to send message (not connected to server process).
[Package Manager] Cannot connect to Unity Package Manager local server
- Finished resetting the current domain, in  1.893 seconds
Domain Reload Profiling: 3657ms
	BeginReloadAssembly (492ms)
		ExecutionOrderSort (0ms)
		DisableScriptedObjects (9ms)
		BackupInstance (0ms)
		ReleaseScriptingObjects (0ms)
		CreateAndSetChildDomain (88ms)
	RebuildCommonClasses (58ms)
	RebuildNativeTypeToScriptingClass (18ms)
	initialDomainReloadingComplete (85ms)
	LoadAllAssembliesAndSetupDomain (1109ms)
		LoadAssemblies (1074ms)
		RebuildTransferFunctionScriptingTraits (0ms)
		AnalyzeDomain (311ms)
			TypeCache.Refresh (14ms)
				TypeCache.ScanAssembly (1ms)
			BuildScriptInfoCaches (274ms)
			ResolveRequiredComponents (17ms)
	FinalizeReload (1894ms)
		ReleaseScriptCaches (0ms)
		RebuildScriptCaches (0ms)
		SetupLoadedEditorAssemblies (1577ms)
			LogAssemblyErrors (0ms)
			InitializePlatformSupportModulesInManaged (35ms)
			SetLoadedEditorAssemblies (11ms)
			BeforeProcessingInitializeOnLoad (487ms)
			ProcessInitializeOnLoadAttributes (863ms)
			ProcessInitializeOnLoadMethodAttributes (145ms)
			AfterProcessingInitializeOnLoad (35ms)
			EditorAssembliesLoaded (1ms)
		ExecutionOrderSort2 (0ms)
		AwakeInstancesAfterBackupRestoration (34ms)
WARNING: Shader Unsupported: 'Hidden/Simulation/URP/Synthetic' - All subshaders removed
WARNING: Shader Did you use #pragma only_renderers and omit this platform?
WARNING: Shader If subshaders removal was intentional, you may have forgotten turning Fallback off?
WARNING: Shader Unsupported: 'Hidden/Simulation/URP/Synthetic' - All subshaders removed
WARNING: Shader Did you use #pragma only_renderers and omit this platform?
WARNING: Shader If subshaders removal was intentional, you may have forgotten turning Fallback off?
WARNING: Shader Unsupported: 'Hidden/Simulation/Synthetic Lit' - All subshaders removed
WARNING: Shader Did you use #pragma only_renderers and omit this platform?
WARNING: Shader If subshaders removal was intentional, you may have forgotten turning Fallback off?
WARNING: Shader Unsupported: 'Hidden/Simulation/Synthetic Lit' - All subshaders removed
WARNING: Shader Did you use #pragma only_renderers and omit this platform?
WARNING: Shader If subshaders removal was intentional, you may have forgotten turning Fallback off?
WARNING: Shader Unsupported: 'Simulation/Standard Lit' - All subshaders removed
WARNING: Shader Did you use #pragma only_renderers and omit this platform?
WARNING: Shader If subshaders removal was intentional, you may have forgotten turning Fallback off?
WARNING: Shader Unsupported: 'Simulation/Standard Lit' - All subshaders removed
WARNING: Shader Did you use #pragma only_renderers and omit this platform?
WARNING: Shader If subshaders removal was intentional, you may have forgotten turning Fallback off?
WARNING: Shader Unsupported: 'Simulation/URP/Room X-Ray' - All subshaders removed
WARNING: Shader Did you use #pragma only_renderers and omit this platform?
WARNING: Shader If subshaders removal was intentional, you may have forgotten turning Fallback off?
WARNING: Shader Unsupported: 'Simulation/URP/Room X-Ray' - All subshaders removed
WARNING: Shader Did you use #pragma only_renderers and omit this platform?
WARNING: Shader If subshaders removal was intentional, you may have forgotten turning Fallback off?
WARNING: Shader Unsupported: 'Simulation/Room X-Ray' - All subshaders removed
WARNING: Shader Did you use #pragma only_renderers and omit this platform?
WARNING: Shader If subshaders removal was intentional, you may have forgotten turning Fallback off?
WARNING: Shader Unsupported: 'Simulation/Room X-Ray' - All subshaders removed
WARNING: Shader Did you use #pragma only_renderers and omit this platform?
WARNING: Shader If subshaders removal was intentional, you may have forgotten turning Fallback off?
WARNING: Shader Unsupported: 'Simulation/URP/Lit' - All subshaders removed
WARNING: Shader Did you use #pragma only_renderers and omit this platform?
WARNING: Shader If subshaders removal was intentional, you may have forgotten turning Fallback off?
WARNING: Shader Unsupported: 'Simulation/URP/Lit' - All subshaders removed
WARNING: Shader Did you use #pragma only_renderers and omit this platform?
WARNING: Shader If subshaders removal was intentional, you may have forgotten turning Fallback off?
Refreshing native plugins compatible for Editor in 13.62 ms, found 6 plugins.
Preloading 1 native plugins for Editor in 0.26 ms.
Unloading 55 Unused Serialized files (Serialized files now loaded: 0)
Unloading 6424 unused Assets / (13.0 MB). Loaded Objects now: 7094.
Memory consumption went from 183.4 MB to 170.5 MB.
Total: 20.793300 ms (FindLiveObjects: 1.010800 ms CreateObjectMapping: 3.821500 ms MarkObjects: 8.741700 ms  DeleteObjects: 7.217800 ms)

Prepare: number of updated asset objects reloaded= 0
========================================================================
Received Import Request.
  Time since last request: 13796.049554 seconds.
  path: Assets/UI/AutoUIScaler.cs
  artifactKey: Guid(cbfedf99867aecd478b42f231f309adf) Importer(815301076,1909f56bfc062723c751e8b465ee728b)
Start importing Assets/UI/AutoUIScaler.cs using Guid(cbfedf99867aecd478b42f231f309adf) Importer(815301076,1909f56bfc062723c751e8b465ee728b) (PreviewImporter) -> (artifact id: '00000000000000000000000000000000') in 0.0066702 seconds
Import Error Code:(4)
Message: Build asset version error: assets/ui/autouiscaler.cs in SourceAssetDB has modification time of '2025-11-29T07:16:09.2117933Z' while content on disk has modification time of '2025-11-29T07:16:18.1356131Z'
  ERROR: Build asset version error: assets/ui/autouiscaler.cs in SourceAssetDB has modification time of '2025-11-29T07:16:09.2117933Z' while content on disk has modification time of '2025-11-29T07:16:18.1356131Z'
Number of updated asset objects reloaded before import = 0Number of asset objects unloaded after import = 0

========================================================================
Received Import Request.
  Time since last request: 0.000017 seconds.
  path: Assets/UI/AutoUIScaler.cs
  artifactKey: Guid(cbfedf99867aecd478b42f231f309adf) Importer(815301076,1909f56bfc062723c751e8b465ee728b)
Start importing Assets/UI/AutoUIScaler.cs using Guid(cbfedf99867aecd478b42f231f309adf) Importer(815301076,1909f56bfc062723c751e8b465ee728b) (PreviewImporter) -> (artifact id: '00000000000000000000000000000000') in 0.0009641 seconds
Import Error Code:(4)
Message: Build asset version error: assets/ui/autouiscaler.cs in SourceAssetDB has modification time of '2025-11-29T07:16:09.2117933Z' while content on disk has modification time of '2025-11-29T07:16:18.1356131Z'
  ERROR: Build asset version error: assets/ui/autouiscaler.cs in SourceAssetDB has modification time of '2025-11-29T07:16:09.2117933Z' while content on disk has modification time of '2025-11-29T07:16:18.1356131Z'
Number of updated asset objects reloaded before import = 0Number of asset objects unloaded after import = 0

========================================================================
Received Import Request.
  Time since last request: 0.000142 seconds.
  path: Assets/UI/AutoUIScaler.cs
  artifactKey: Guid(cbfedf99867aecd478b42f231f309adf) Importer(815301076,1909f56bfc062723c751e8b465ee728b)
Start importing Assets/UI/AutoUIScaler.cs using Guid(cbfedf99867aecd478b42f231f309adf) Importer(815301076,1909f56bfc062723c751e8b465ee728b) (PreviewImporter) -> (artifact id: '00000000000000000000000000000000') in 0.0007409 seconds
Import Error Code:(4)
Message: Build asset version error: assets/ui/autouiscaler.cs in SourceAssetDB has modification time of '2025-11-29T07:16:09.2117933Z' while content on disk has modification time of '2025-11-29T07:16:18.1356131Z'
  ERROR: Build asset version error: assets/ui/autouiscaler.cs in SourceAssetDB has modification time of '2025-11-29T07:16:09.2117933Z' while content on disk has modification time of '2025-11-29T07:16:18.1356131Z'
Number of updated asset objects reloaded before import = 0Number of asset objects unloaded after import = 0

========================================================================
Received Import Request.
  Time since last request: 0.000035 seconds.
  path: Assets/UI/AutoUIScaler.cs
  artifactKey: Guid(cbfedf99867aecd478b42f231f309adf) Importer(815301076,1909f56bfc062723c751e8b465ee728b)
Start importing Assets/UI/AutoUIScaler.cs using Guid(cbfedf99867aecd478b42f231f309adf) Importer(815301076,1909f56bfc062723c751e8b465ee728b) (PreviewImporter) -> (artifact id: '00000000000000000000000000000000') in 0.0007633 seconds
Import Error Code:(4)
Message: Build asset version error: assets/ui/autouiscaler.cs in SourceAssetDB has modification time of '2025-11-29T07:16:09.2117933Z' while content on disk has modification time of '2025-11-29T07:16:18.1356131Z'
  ERROR: Build asset version error: assets/ui/autouiscaler.cs in SourceAssetDB has modification time of '2025-11-29T07:16:09.2117933Z' while content on disk has modification time of '2025-11-29T07:16:18.1356131Z'
Number of updated asset objects reloaded before import = 0Number of asset objects unloaded after import = 0

========================================================================
Received Import Request.
  Time since last request: 0.000021 seconds.
  path: Assets/UI/AutoUIScaler.cs
  artifactKey: Guid(cbfedf99867aecd478b42f231f309adf) Importer(815301076,1909f56bfc062723c751e8b465ee728b)
Start importing Assets/UI/AutoUIScaler.cs using Guid(cbfedf99867aecd478b42f231f309adf) Importer(815301076,1909f56bfc062723c751e8b465ee728b) (PreviewImporter) -> (artifact id: '00000000000000000000000000000000') in 0.000858 seconds
Import Error Code:(4)
Message: Build asset version error: assets/ui/autouiscaler.cs in SourceAssetDB has modification time of '2025-11-29T07:16:09.2117933Z' while content on disk has modification time of '2025-11-29T07:16:18.1356131Z'
  ERROR: Build asset version error: assets/ui/autouiscaler.cs in SourceAssetDB has modification time of '2025-11-29T07:16:09.2117933Z' while content on disk has modification time of '2025-11-29T07:16:18.1356131Z'
Number of updated asset objects reloaded before import = 0Number of asset objects unloaded after import = 0

========================================================================
Received Import Request.
  Time since last request: 0.000020 seconds.
  path: Assets/UI/AutoUIScaler.cs
  artifactKey: Guid(cbfedf99867aecd478b42f231f309adf) Importer(815301076,1909f56bfc062723c751e8b465ee728b)
Start importing Assets/UI/AutoUIScaler.cs using Guid(cbfedf99867aecd478b42f231f309adf) Importer(815301076,1909f56bfc062723c751e8b465ee728b) (PreviewImporter) -> (artifact id: '00000000000000000000000000000000') in 0.0006837 seconds
Import Error Code:(4)
Message: Build asset version error: assets/ui/autouiscaler.cs in SourceAssetDB has modification time of '2025-11-29T07:16:09.2117933Z' while content on disk has modification time of '2025-11-29T07:16:18.1356131Z'
  ERROR: Build asset version error: assets/ui/autouiscaler.cs in SourceAssetDB has modification time of '2025-11-29T07:16:09.2117933Z' while content on disk has modification time of '2025-11-29T07:16:18.1356131Z'
Number of updated asset objects reloaded before import = 0Number of asset objects unloaded after import = 0

========================================================================
Received Import Request.
  Time since last request: 0.000021 seconds.
  path: Assets/UI/AutoUIScaler.cs
  artifactKey: Guid(cbfedf99867aecd478b42f231f309adf) Importer(815301076,1909f56bfc062723c751e8b465ee728b)
Start importing Assets/UI/AutoUIScaler.cs using Guid(cbfedf99867aecd478b42f231f309adf) Importer(815301076,1909f56bfc062723c751e8b465ee728b) (PreviewImporter) -> (artifact id: '00000000000000000000000000000000') in 0.0006729 seconds
Import Error Code:(4)
Message: Build asset version error: assets/ui/autouiscaler.cs in SourceAssetDB has modification time of '2025-11-29T07:16:09.2117933Z' while content on disk has modification time of '2025-11-29T07:16:18.1356131Z'
  ERROR: Build asset version error: assets/ui/autouiscaler.cs in SourceAssetDB has modification time of '2025-11-29T07:16:09.2117933Z' while content on disk has modification time of '2025-11-29T07:16:18.1356131Z'
Number of updated asset objects reloaded before import = 0Number of asset objects unloaded after import = 0

========================================================================
Received Import Request.
  Time since last request: 0.000025 seconds.
  path: Assets/UI/AutoUIScaler.cs
  artifactKey: Guid(cbfedf99867aecd478b42f231f309adf) Importer(815301076,1909f56bfc062723c751e8b465ee728b)
Start importing Assets/UI/AutoUIScaler.cs using Guid(cbfedf99867aecd478b42f231f309adf) Importer(815301076,1909f56bfc062723c751e8b465ee728b) (PreviewImporter) -> (artifact id: '00000000000000000000000000000000') in 0.0007618 seconds
Import Error Code:(4)
Message: Build asset version error: assets/ui/autouiscaler.cs in SourceAssetDB has modification time of '2025-11-29T07:16:09.2117933Z' while content on disk has modification time of '2025-11-29T07:16:18.1356131Z'
  ERROR: Build asset version error: assets/ui/autouiscaler.cs in SourceAssetDB has modification time of '2025-11-29T07:16:09.2117933Z' while content on disk has modification time of '2025-11-29T07:16:18.1356131Z'
Number of updated asset objects reloaded before import = 0Number of asset objects unloaded after import = 0

========================================================================
Received Import Request.
  Time since last request: 0.000020 seconds.
  path: Assets/UI/AutoUIScaler.cs
  artifactKey: Guid(cbfedf99867aecd478b42f231f309adf) Importer(815301076,1909f56bfc062723c751e8b465ee728b)
Start importing Assets/UI/AutoUIScaler.cs using Guid(cbfedf99867aecd478b42f231f309adf) Importer(815301076,1909f56bfc062723c751e8b465ee728b) (PreviewImporter) -> (artifact id: '00000000000000000000000000000000') in 0.0008057 seconds
Import Error Code:(4)
Message: Build asset version error: assets/ui/autouiscaler.cs in SourceAssetDB has modification time of '2025-11-29T07:16:09.2117933Z' while content on disk has modification time of '2025-11-29T07:16:18.1356131Z'
  ERROR: Build asset version error: assets/ui/autouiscaler.cs in SourceAssetDB has modification time of '2025-11-29T07:16:09.2117933Z' while content on disk has modification time of '2025-11-29T07:16:18.1356131Z'
Number of updated asset objects reloaded before import = 0Number of asset objects unloaded after import = 0

========================================================================
Received Import Request.
  Time since last request: 0.000014 seconds.
  path: Assets/UI/AutoUIScaler.cs
  artifactKey: Guid(cbfedf99867aecd478b42f231f309adf) Importer(815301076,1909f56bfc062723c751e8b465ee728b)
Start importing Assets/UI/AutoUIScaler.cs using Guid(cbfedf99867aecd478b42f231f309adf) Importer(815301076,1909f56bfc062723c751e8b465ee728b) (PreviewImporter) -> (artifact id: '00000000000000000000000000000000') in 0.0007645 seconds
Import Error Code:(4)
Message: Build asset version error: assets/ui/autouiscaler.cs in SourceAssetDB has modification time of '2025-11-29T07:16:09.2117933Z' while content on disk has modification time of '2025-11-29T07:16:18.1356131Z'
  ERROR: Build asset version error: assets/ui/autouiscaler.cs in SourceAssetDB has modification time of '2025-11-29T07:16:09.2117933Z' while content on disk has modification time of '2025-11-29T07:16:18.1356131Z'
Number of updated asset objects reloaded before import = 0Number of asset objects unloaded after import = 0

========================================================================
Received Import Request.
  Time since last request: 0.000024 seconds.
  path: Assets/UI/AutoUIScaler.cs
  artifactKey: Guid(cbfedf99867aecd478b42f231f309adf) Importer(815301076,1909f56bfc062723c751e8b465ee728b)
Start importing Assets/UI/AutoUIScaler.cs using Guid(cbfedf99867aecd478b42f231f309adf) Importer(815301076,1909f56bfc062723c751e8b465ee728b) (PreviewImporter) -> (artifact id: '00000000000000000000000000000000') in 0.000842 seconds
Import Error Code:(4)
Message: Build asset version error: assets/ui/autouiscaler.cs in SourceAssetDB has modification time of '2025-11-29T07:16:09.2117933Z' while content on disk has modification time of '2025-11-29T07:16:18.1356131Z'
  ERROR: Build asset version error: assets/ui/autouiscaler.cs in SourceAssetDB has modification time of '2025-11-29T07:16:09.2117933Z' while content on disk has modification time of '2025-11-29T07:16:18.1356131Z'
Number of updated asset objects reloaded before import = 0Number of asset objects unloaded after import = 0

========================================================================
Received Import Request.
  Time since last request: 0.000025 seconds.
  path: Assets/UI/AutoUIScaler.cs
  artifactKey: Guid(cbfedf99867aecd478b42f231f309adf) Importer(815301076,1909f56bfc062723c751e8b465ee728b)
Start importing Assets/UI/AutoUIScaler.cs using Guid(cbfedf99867aecd478b42f231f309adf) Importer(815301076,1909f56bfc062723c751e8b465ee728b) (PreviewImporter) -> (artifact id: '00000000000000000000000000000000') in 0.0009612 seconds
Import Error Code:(4)
Message: Build asset version error: assets/ui/autouiscaler.cs in SourceAssetDB has modification time of '2025-11-29T07:16:09.2117933Z' while content on disk has modification time of '2025-11-29T07:16:18.1356131Z'
  ERROR: Build asset version error: assets/ui/autouiscaler.cs in SourceAssetDB has modification time of '2025-11-29T07:16:09.2117933Z' while content on disk has modification time of '2025-11-29T07:16:18.1356131Z'
Number of updated asset objects reloaded before import = 0Number of asset objects unloaded after import = 0

========================================================================
Received Import Request.
  Time since last request: 0.000017 seconds.
  path: Assets/UI/AutoUIScaler.cs
  artifactKey: Guid(cbfedf99867aecd478b42f231f309adf) Importer(815301076,1909f56bfc062723c751e8b465ee728b)
Start importing Assets/UI/AutoUIScaler.cs using Guid(cbfedf99867aecd478b42f231f309adf) Importer(815301076,1909f56bfc062723c751e8b465ee728b) (PreviewImporter) -> (artifact id: '00000000000000000000000000000000') in 0.0007277 seconds
Import Error Code:(4)
Message: Build asset version error: assets/ui/autouiscaler.cs in SourceAssetDB has modification time of '2025-11-29T07:16:09.2117933Z' while content on disk has modification time of '2025-11-29T07:16:18.1356131Z'
  ERROR: Build asset version error: assets/ui/autouiscaler.cs in SourceAssetDB has modification time of '2025-11-29T07:16:09.2117933Z' while content on disk has modification time of '2025-11-29T07:16:18.1356131Z'
Number of updated asset objects reloaded before import = 0Number of asset objects unloaded after import = 0

========================================================================
Received Import Request.
  Time since last request: 0.000016 seconds.
  path: Assets/UI/AutoUIScaler.cs
  artifactKey: Guid(cbfedf99867aecd478b42f231f309adf) Importer(815301076,1909f56bfc062723c751e8b465ee728b)
Start importing Assets/UI/AutoUIScaler.cs using Guid(cbfedf99867aecd478b42f231f309adf) Importer(815301076,1909f56bfc062723c751e8b465ee728b) (PreviewImporter) -> (artifact id: '00000000000000000000000000000000') in 0.0006428 seconds
Import Error Code:(4)
Message: Build asset version error: assets/ui/autouiscaler.cs in SourceAssetDB has modification time of '2025-11-29T07:16:09.2117933Z' while content on disk has modification time of '2025-11-29T07:16:18.1356131Z'
  ERROR: Build asset version error: assets/ui/autouiscaler.cs in SourceAssetDB has modification time of '2025-11-29T07:16:09.2117933Z' while content on disk has modification time of '2025-11-29T07:16:18.1356131Z'
Number of updated asset objects reloaded before import = 0Number of asset objects unloaded after import = 0

========================================================================
Received Import Request.
  Time since last request: 0.000024 seconds.
  path: Assets/UI/AutoUIScaler.cs
  artifactKey: Guid(cbfedf99867aecd478b42f231f309adf) Importer(815301076,1909f56bfc062723c751e8b465ee728b)
Start importing Assets/UI/AutoUIScaler.cs using Guid(cbfedf99867aecd478b42f231f309adf) Importer(815301076,1909f56bfc062723c751e8b465ee728b) (PreviewImporter) -> (artifact id: '00000000000000000000000000000000') in 0.0006348 seconds
Import Error Code:(4)
Message: Build asset version error: assets/ui/autouiscaler.cs in SourceAssetDB has modification time of '2025-11-29T07:16:09.2117933Z' while content on disk has modification time of '2025-11-29T07:16:18.1356131Z'
  ERROR: Build asset version error: assets/ui/autouiscaler.cs in SourceAssetDB has modification time of '2025-11-29T07:16:09.2117933Z' while content on disk has modification time of '2025-11-29T07:16:18.1356131Z'
Number of updated asset objects reloaded before import = 0Number of asset objects unloaded after import = 0

========================================================================
Received Import Request.
  Time since last request: 0.000026 seconds.
  path: Assets/UI/AutoUIScaler.cs
  artifactKey: Guid(cbfedf99867aecd478b42f231f309adf) Importer(815301076,1909f56bfc062723c751e8b465ee728b)
Start importing Assets/UI/AutoUIScaler.cs using Guid(cbfedf99867aecd478b42f231f309adf) Importer(815301076,1909f56bfc062723c751e8b465ee728b) (PreviewImporter) -> (artifact id: '00000000000000000000000000000000') in 0.0006704 seconds
Import Error Code:(4)
Message: Build asset version error: assets/ui/autouiscaler.cs in SourceAssetDB has modification time of '2025-11-29T07:16:09.2117933Z' while content on disk has modification time of '2025-11-29T07:16:18.1356131Z'
  ERROR: Build asset version error: assets/ui/autouiscaler.cs in SourceAssetDB has modification time of '2025-11-29T07:16:09.2117933Z' while content on disk has modification time of '2025-11-29T07:16:18.1356131Z'
Number of updated asset objects reloaded before import = 0Number of asset objects unloaded after import = 0

========================================================================
Received Import Request.
  Time since last request: 0.000019 seconds.
  path: Assets/UI/AutoUIScaler.cs
  artifactKey: Guid(cbfedf99867aecd478b42f231f309adf) Importer(815301076,1909f56bfc062723c751e8b465ee728b)
Start importing Assets/UI/AutoUIScaler.cs using Guid(cbfedf99867aecd478b42f231f309adf) Importer(815301076,1909f56bfc062723c751e8b465ee728b) (PreviewImporter) -> (artifact id: '00000000000000000000000000000000') in 0.0008384 seconds
Import Error Code:(4)
Message: Build asset version error: assets/ui/autouiscaler.cs in SourceAssetDB has modification time of '2025-11-29T07:16:09.2117933Z' while content on disk has modification time of '2025-11-29T07:16:18.1356131Z'
  ERROR: Build asset version error: assets/ui/autouiscaler.cs in SourceAssetDB has modification time of '2025-11-29T07:16:09.2117933Z' while content on disk has modification time of '2025-11-29T07:16:18.1356131Z'
Number of updated asset objects reloaded before import = 0Number of asset objects unloaded after import = 0

========================================================================
Received Import Request.
  Time since last request: 0.000016 seconds.
  path: Assets/UI/AutoUIScaler.cs
  artifactKey: Guid(cbfedf99867aecd478b42f231f309adf) Importer(815301076,1909f56bfc062723c751e8b465ee728b)
Start importing Assets/UI/AutoUIScaler.cs using Guid(cbfedf99867aecd478b42f231f309adf) Importer(815301076,1909f56bfc062723c751e8b465ee728b) (PreviewImporter) -> (artifact id: '00000000000000000000000000000000') in 0.0005733 seconds
Import Error Code:(4)
Message: Build asset version error: assets/ui/autouiscaler.cs in SourceAssetDB has modification time of '2025-11-29T07:16:09.2117933Z' while content on disk has modification time of '2025-11-29T07:16:18.1356131Z'
  ERROR: Build asset version error: assets/ui/autouiscaler.cs in SourceAssetDB has modification time of '2025-11-29T07:16:09.2117933Z' while content on disk has modification time of '2025-11-29T07:16:18.1356131Z'
Number of updated asset objects reloaded before import = 0Number of asset objects unloaded after import = 0

========================================================================
Received Import Request.
  Time since last request: 0.000017 seconds.
  path: Assets/UI/AutoUIScaler.cs
  artifactKey: Guid(cbfedf99867aecd478b42f231f309adf) Importer(815301076,1909f56bfc062723c751e8b465ee728b)
Start importing Assets/UI/AutoUIScaler.cs using Guid(cbfedf99867aecd478b42f231f309adf) Importer(815301076,1909f56bfc062723c751e8b465ee728b) (PreviewImporter) -> (artifact id: '00000000000000000000000000000000') in 0.0006761 seconds
Import Error Code:(4)
Message: Build asset version error: assets/ui/autouiscaler.cs in SourceAssetDB has modification time of '2025-11-29T07:16:09.2117933Z' while content on disk has modification time of '2025-11-29T07:16:18.1356131Z'
  ERROR: Build asset version error: assets/ui/autouiscaler.cs in SourceAssetDB has modification time of '2025-11-29T07:16:09.2117933Z' while content on disk has modification time of '2025-11-29T07:16:18.1356131Z'
Number of updated asset objects reloaded before import = 0Number of asset objects unloaded after import = 0

========================================================================
Received Import Request.
  Time since last request: 0.000025 seconds.
  path: Assets/UI/AutoUIScaler.cs
  artifactKey: Guid(cbfedf99867aecd478b42f231f309adf) Importer(815301076,1909f56bfc062723c751e8b465ee728b)
Start importing Assets/UI/AutoUIScaler.cs using Guid(cbfedf99867aecd478b42f231f309adf) Importer(815301076,1909f56bfc062723c751e8b465ee728b) (PreviewImporter) -> (artifact id: '00000000000000000000000000000000') in 0.0007284 seconds
Import Error Code:(4)
Message: Build asset version error: assets/ui/autouiscaler.cs in SourceAssetDB has modification time of '2025-11-29T07:16:09.2117933Z' while content on disk has modification time of '2025-11-29T07:16:18.1356131Z'
  ERROR: Build asset version error: assets/ui/autouiscaler.cs in SourceAssetDB has modification time of '2025-11-29T07:16:09.2117933Z' while content on disk has modification time of '2025-11-29T07:16:18.1356131Z'
Number of updated asset objects reloaded before import = 0Number of asset objects unloaded after import = 0

========================================================================
Received Import Request.
  Time since last request: 0.000021 seconds.
  path: Assets/UI/AutoUIScaler.cs
  artifactKey: Guid(cbfedf99867aecd478b42f231f309adf) Importer(815301076,1909f56bfc062723c751e8b465ee728b)
Start importing Assets/UI/AutoUIScaler.cs using Guid(cbfedf99867aecd478b42f231f309adf) Importer(815301076,1909f56bfc062723c751e8b465ee728b) (PreviewImporter) -> (artifact id: '00000000000000000000000000000000') in 0.0007075 seconds
Import Error Code:(4)
Message: Build asset version error: assets/ui/autouiscaler.cs in SourceAssetDB has modification time of '2025-11-29T07:16:09.2117933Z' while content on disk has modification time of '2025-11-29T07:16:18.1356131Z'
  ERROR: Build asset version error: assets/ui/autouiscaler.cs in SourceAssetDB has modification time of '2025-11-29T07:16:09.2117933Z' while content on disk has modification time of '2025-11-29T07:16:18.1356131Z'
Number of updated asset objects reloaded before import = 0Number of asset objects unloaded after import = 0

========================================================================
Received Import Request.
  Time since last request: 0.000021 seconds.
  path: Assets/UI/AutoUIScaler.cs
  artifactKey: Guid(cbfedf99867aecd478b42f231f309adf) Importer(815301076,1909f56bfc062723c751e8b465ee728b)
Start importing Assets/UI/AutoUIScaler.cs using Guid(cbfedf99867aecd478b42f231f309adf) Importer(815301076,1909f56bfc062723c751e8b465ee728b) (PreviewImporter) -> (artifact id: '00000000000000000000000000000000') in 0.0007411 seconds
Import Error Code:(4)
Message: Build asset version error: assets/ui/autouiscaler.cs in SourceAssetDB has modification time of '2025-11-29T07:16:09.2117933Z' while content on disk has modification time of '2025-11-29T07:16:18.1356131Z'
  ERROR: Build asset version error: assets/ui/autouiscaler.cs in SourceAssetDB has modification time of '2025-11-29T07:16:09.2117933Z' while content on disk has modification time of '2025-11-29T07:16:18.1356131Z'
Number of updated asset objects reloaded before import = 0Number of asset objects unloaded after import = 0

========================================================================
Received Import Request.
  Time since last request: 0.000028 seconds.
  path: Assets/UI/AutoUIScaler.cs
  artifactKey: Guid(cbfedf99867aecd478b42f231f309adf) Importer(815301076,1909f56bfc062723c751e8b465ee728b)
Start importing Assets/UI/AutoUIScaler.cs using Guid(cbfedf99867aecd478b42f231f309adf) Importer(815301076,1909f56bfc062723c751e8b465ee728b) (PreviewImporter) -> (artifact id: '00000000000000000000000000000000') in 0.0009306 seconds
Import Error Code:(4)
Message: Build asset version error: assets/ui/autouiscaler.cs in SourceAssetDB has modification time of '2025-11-29T07:16:09.2117933Z' while content on disk has modification time of '2025-11-29T07:16:18.1356131Z'
  ERROR: Build asset version error: assets/ui/autouiscaler.cs in SourceAssetDB has modification time of '2025-11-29T07:16:09.2117933Z' while content on disk has modification time of '2025-11-29T07:16:18.1356131Z'
Number of updated asset objects reloaded before import = 0Number of asset objects unloaded after import = 0

========================================================================
Received Import Request.
  Time since last request: 0.000025 seconds.
  path: Assets/UI/AutoUIScaler.cs
  artifactKey: Guid(cbfedf99867aecd478b42f231f309adf) Importer(815301076,1909f56bfc062723c751e8b465ee728b)
Start importing Assets/UI/AutoUIScaler.cs using Guid(cbfedf99867aecd478b42f231f309adf) Importer(815301076,1909f56bfc062723c751e8b465ee728b) (PreviewImporter) -> (artifact id: '00000000000000000000000000000000') in 0.0007999 seconds
Import Error Code:(4)
Message: Build asset version error: assets/ui/autouiscaler.cs in SourceAssetDB has modification time of '2025-11-29T07:16:09.2117933Z' while content on disk has modification time of '2025-11-29T07:16:18.1356131Z'
  ERROR: Build asset version error: assets/ui/autouiscaler.cs in SourceAssetDB has modification time of '2025-11-29T07:16:09.2117933Z' while content on disk has modification time of '2025-11-29T07:16:18.1356131Z'
Number of updated asset objects reloaded before import = 0Number of asset objects unloaded after import = 0

========================================================================
Received Import Request.
  Time since last request: 0.000015 seconds.
  path: Assets/UI/AutoUIScaler.cs
  artifactKey: Guid(cbfedf99867aecd478b42f231f309adf) Importer(815301076,1909f56bfc062723c751e8b465ee728b)
Start importing Assets/UI/AutoUIScaler.cs using Guid(cbfedf99867aecd478b42f231f309adf) Importer(815301076,1909f56bfc062723c751e8b465ee728b) (PreviewImporter) -> (artifact id: '00000000000000000000000000000000') in 0.000754 seconds
Import Error Code:(4)
Message: Build asset version error: assets/ui/autouiscaler.cs in SourceAssetDB has modification time of '2025-11-29T07:16:09.2117933Z' while content on disk has modification time of '2025-11-29T07:16:18.1356131Z'
  ERROR: Build asset version error: assets/ui/autouiscaler.cs in SourceAssetDB has modification time of '2025-11-29T07:16:09.2117933Z' while content on disk has modification time of '2025-11-29T07:16:18.1356131Z'
Number of updated asset objects reloaded before import = 0Number of asset objects unloaded after import = 0

========================================================================
Received Import Request.
  Time since last request: 0.000015 seconds.
  path: Assets/UI/AutoUIScaler.cs
  artifactKey: Guid(cbfedf99867aecd478b42f231f309adf) Importer(815301076,1909f56bfc062723c751e8b465ee728b)
Start importing Assets/UI/AutoUIScaler.cs using Guid(cbfedf99867aecd478b42f231f309adf) Importer(815301076,1909f56bfc062723c751e8b465ee728b) (PreviewImporter) -> (artifact id: '00000000000000000000000000000000') in 0.0006292 seconds
Import Error Code:(4)
Message: Build asset version error: assets/ui/autouiscaler.cs in SourceAssetDB has modification time of '2025-11-29T07:16:09.2117933Z' while content on disk has modification time of '2025-11-29T07:16:18.1356131Z'
  ERROR: Build asset version error: assets/ui/autouiscaler.cs in SourceAssetDB has modification time of '2025-11-29T07:16:09.2117933Z' while content on disk has modification time of '2025-11-29T07:16:18.1356131Z'
Number of updated asset objects reloaded before import = 0Number of asset objects unloaded after import = 0

========================================================================
Received Import Request.
  Time since last request: 0.000019 seconds.
  path: Assets/UI/AutoUIScaler.cs
  artifactKey: Guid(cbfedf99867aecd478b42f231f309adf) Importer(815301076,1909f56bfc062723c751e8b465ee728b)
Start importing Assets/UI/AutoUIScaler.cs using Guid(cbfedf99867aecd478b42f231f309adf) Importer(815301076,1909f56bfc062723c751e8b465ee728b) (PreviewImporter) -> (artifact id: '00000000000000000000000000000000') in 0.0005638 seconds
Import Error Code:(4)
Message: Build asset version error: assets/ui/autouiscaler.cs in SourceAssetDB has modification time of '2025-11-29T07:16:09.2117933Z' while content on disk has modification time of '2025-11-29T07:16:18.1356131Z'
  ERROR: Build asset version error: assets/ui/autouiscaler.cs in SourceAssetDB has modification time of '2025-11-29T07:16:09.2117933Z' while content on disk has modification time of '2025-11-29T07:16:18.1356131Z'
Number of updated asset objects reloaded before import = 0Number of asset objects unloaded after import = 0

========================================================================
Received Import Request.
  Time since last request: 0.000025 seconds.
  path: Assets/UI/AutoUIScaler.cs
  artifactKey: Guid(cbfedf99867aecd478b42f231f309adf) Importer(815301076,1909f56bfc062723c751e8b465ee728b)
Start importing Assets/UI/AutoUIScaler.cs using Guid(cbfedf99867aecd478b42f231f309adf) Importer(815301076,1909f56bfc062723c751e8b465ee728b) (PreviewImporter) -> (artifact id: '00000000000000000000000000000000') in 0.0007458 seconds
Import Error Code:(4)
Message: Build asset version error: assets/ui/autouiscaler.cs in SourceAssetDB has modification time of '2025-11-29T07:16:09.2117933Z' while content on disk has modification time of '2025-11-29T07:16:18.1356131Z'
  ERROR: Build asset version error: assets/ui/autouiscaler.cs in SourceAssetDB has modification time of '2025-11-29T07:16:09.2117933Z' while content on disk has modification time of '2025-11-29T07:16:18.1356131Z'
Number of updated asset objects reloaded before import = 0Number of asset objects unloaded after import = 0

========================================================================
Received Import Request.
  Time since last request: 0.000016 seconds.
  path: Assets/UI/AutoUIScaler.cs
  artifactKey: Guid(cbfedf99867aecd478b42f231f309adf) Importer(815301076,1909f56bfc062723c751e8b465ee728b)
Start importing Assets/UI/AutoUIScaler.cs using Guid(cbfedf99867aecd478b42f231f309adf) Importer(815301076,1909f56bfc062723c751e8b465ee728b) (PreviewImporter) -> (artifact id: '00000000000000000000000000000000') in 0.0006666 seconds
Import Error Code:(4)
Message: Build asset version error: assets/ui/autouiscaler.cs in SourceAssetDB has modification time of '2025-11-29T07:16:09.2117933Z' while content on disk has modification time of '2025-11-29T07:16:18.1356131Z'
  ERROR: Build asset version error: assets/ui/autouiscaler.cs in SourceAssetDB has modification time of '2025-11-29T07:16:09.2117933Z' while content on disk has modification time of '2025-11-29T07:16:18.1356131Z'
Number of updated asset objects reloaded before import = 0Number of asset objects unloaded after import = 0

========================================================================
Received Import Request.
  Time since last request: 0.000072 seconds.
  path: Assets/UI/AutoUIScaler.cs
  artifactKey: Guid(cbfedf99867aecd478b42f231f309adf) Importer(815301076,1909f56bfc062723c751e8b465ee728b)
Start importing Assets/UI/AutoUIScaler.cs using Guid(cbfedf99867aecd478b42f231f309adf) Importer(815301076,1909f56bfc062723c751e8b465ee728b) (PreviewImporter) -> (artifact id: '00000000000000000000000000000000') in 0.0007684 seconds
Import Error Code:(4)
Message: Build asset version error: assets/ui/autouiscaler.cs in SourceAssetDB has modification time of '2025-11-29T07:16:09.2117933Z' while content on disk has modification time of '2025-11-29T07:16:18.1356131Z'
  ERROR: Build asset version error: assets/ui/autouiscaler.cs in SourceAssetDB has modification time of '2025-11-29T07:16:09.2117933Z' while content on disk has modification time of '2025-11-29T07:16:18.1356131Z'
Number of updated asset objects reloaded before import = 0Number of asset objects unloaded after import = 0

========================================================================
Received Import Request.
  Time since last request: 0.000023 seconds.
  path: Assets/UI/AutoUIScaler.cs
  artifactKey: Guid(cbfedf99867aecd478b42f231f309adf) Importer(815301076,1909f56bfc062723c751e8b465ee728b)
Start importing Assets/UI/AutoUIScaler.cs using Guid(cbfedf99867aecd478b42f231f309adf) Importer(815301076,1909f56bfc062723c751e8b465ee728b) (PreviewImporter) -> (artifact id: '00000000000000000000000000000000') in 0.0009608 seconds
Import Error Code:(4)
Message: Build asset version error: assets/ui/autouiscaler.cs in SourceAssetDB has modification time of '2025-11-29T07:16:09.2117933Z' while content on disk has modification time of '2025-11-29T07:16:18.1356131Z'
  ERROR: Build asset version error: assets/ui/autouiscaler.cs in SourceAssetDB has modification time of '2025-11-29T07:16:09.2117933Z' while content on disk has modification time of '2025-11-29T07:16:18.1356131Z'
Number of updated asset objects reloaded before import = 0Number of asset objects unloaded after import = 0

========================================================================
Received Import Request.
  Time since last request: 0.000040 seconds.
  path: Assets/UI/AutoUIScaler.cs
  artifactKey: Guid(cbfedf99867aecd478b42f231f309adf) Importer(815301076,1909f56bfc062723c751e8b465ee728b)
Start importing Assets/UI/AutoUIScaler.cs using Guid(cbfedf99867aecd478b42f231f309adf) Importer(815301076,1909f56bfc062723c751e8b465ee728b) (PreviewImporter) -> (artifact id: '00000000000000000000000000000000') in 0.0006909 seconds
Import Error Code:(4)
Message: Build asset version error: assets/ui/autouiscaler.cs in SourceAssetDB has modification time of '2025-11-29T07:16:09.2117933Z' while content on disk has modification time of '2025-11-29T07:16:18.1356131Z'
  ERROR: Build asset version error: assets/ui/autouiscaler.cs in SourceAssetDB has modification time of '2025-11-29T07:16:09.2117933Z' while content on disk has modification time of '2025-11-29T07:16:18.1356131Z'
Number of updated asset objects reloaded before import = 0Number of asset objects unloaded after import = 0

========================================================================
Received Import Request.
  Time since last request: 0.000015 seconds.
  path: Assets/UI/AutoUIScaler.cs
  artifactKey: Guid(cbfedf99867aecd478b42f231f309adf) Importer(815301076,1909f56bfc062723c751e8b465ee728b)
Start importing Assets/UI/AutoUIScaler.cs using Guid(cbfedf99867aecd478b42f231f309adf) Importer(815301076,1909f56bfc062723c751e8b465ee728b) (PreviewImporter) -> (artifact id: '00000000000000000000000000000000') in 0.0008767 seconds
Import Error Code:(4)
Message: Build asset version error: assets/ui/autouiscaler.cs in SourceAssetDB has modification time of '2025-11-29T07:16:09.2117933Z' while content on disk has modification time of '2025-11-29T07:16:18.1356131Z'
  ERROR: Build asset version error: assets/ui/autouiscaler.cs in SourceAssetDB has modification time of '2025-11-29T07:16:09.2117933Z' while content on disk has modification time of '2025-11-29T07:16:18.1356131Z'
Number of updated asset objects reloaded before import = 0Number of asset objects unloaded after import = 0

========================================================================
Received Import Request.
  Time since last request: 0.000025 seconds.
  path: Assets/UI/AutoUIScaler.cs
  artifactKey: Guid(cbfedf99867aecd478b42f231f309adf) Importer(815301076,1909f56bfc062723c751e8b465ee728b)
Start importing Assets/UI/AutoUIScaler.cs using Guid(cbfedf99867aecd478b42f231f309adf) Importer(815301076,1909f56bfc062723c751e8b465ee728b) (PreviewImporter) -> (artifact id: '00000000000000000000000000000000') in 0.0009285 seconds
Import Error Code:(4)
Message: Build asset version error: assets/ui/autouiscaler.cs in SourceAssetDB has modification time of '2025-11-29T07:16:09.2117933Z' while content on disk has modification time of '2025-11-29T07:16:18.1356131Z'
  ERROR: Build asset version error: assets/ui/autouiscaler.cs in SourceAssetDB has modification time of '2025-11-29T07:16:09.2117933Z' while content on disk has modification time of '2025-11-29T07:16:18.1356131Z'
Number of updated asset objects reloaded before import = 0Number of asset objects unloaded after import = 0

========================================================================
Received Import Request.
  Time since last request: 0.000025 seconds.
  path: Assets/UI/AutoUIScaler.cs
  artifactKey: Guid(cbfedf99867aecd478b42f231f309adf) Importer(815301076,1909f56bfc062723c751e8b465ee728b)
Start importing Assets/UI/AutoUIScaler.cs using Guid(cbfedf99867aecd478b42f231f309adf) Importer(815301076,1909f56bfc062723c751e8b465ee728b) (PreviewImporter) -> (artifact id: '00000000000000000000000000000000') in 0.0015102 seconds
Import Error Code:(4)
Message: Build asset version error: assets/ui/autouiscaler.cs in SourceAssetDB has modification time of '2025-11-29T07:16:09.2117933Z' while content on disk has modification time of '2025-11-29T07:16:18.1356131Z'
  ERROR: Build asset version error: assets/ui/autouiscaler.cs in SourceAssetDB has modification time of '2025-11-29T07:16:09.2117933Z' while content on disk has modification time of '2025-11-29T07:16:18.1356131Z'
Number of updated asset objects reloaded before import = 0Number of asset objects unloaded after import = 0

========================================================================
Received Import Request.
  Time since last request: 0.000026 seconds.
  path: Assets/UI/AutoUIScaler.cs
  artifactKey: Guid(cbfedf99867aecd478b42f231f309adf) Importer(815301076,1909f56bfc062723c751e8b465ee728b)
Start importing Assets/UI/AutoUIScaler.cs using Guid(cbfedf99867aecd478b42f231f309adf) Importer(815301076,1909f56bfc062723c751e8b465ee728b) (PreviewImporter) -> (artifact id: '00000000000000000000000000000000') in 0.000563 seconds
Import Error Code:(4)
Message: Build asset version error: assets/ui/autouiscaler.cs in SourceAssetDB has modification time of '2025-11-29T07:16:09.2117933Z' while content on disk has modification time of '2025-11-29T07:16:18.1356131Z'
  ERROR: Build asset version error: assets/ui/autouiscaler.cs in SourceAssetDB has modification time of '2025-11-29T07:16:09.2117933Z' while content on disk has modification time of '2025-11-29T07:16:18.1356131Z'
Number of updated asset objects reloaded before import = 0Number of asset objects unloaded after import = 0

========================================================================
Received Import Request.
  Time since last request: 0.000017 seconds.
  path: Assets/UI/AutoUIScaler.cs
  artifactKey: Guid(cbfedf99867aecd478b42f231f309adf) Importer(815301076,1909f56bfc062723c751e8b465ee728b)
Start importing Assets/UI/AutoUIScaler.cs using Guid(cbfedf99867aecd478b42f231f309adf) Importer(815301076,1909f56bfc062723c751e8b465ee728b) (PreviewImporter) -> (artifact id: '00000000000000000000000000000000') in 0.0006832 seconds
Import Error Code:(4)
Message: Build asset version error: assets/ui/autouiscaler.cs in SourceAssetDB has modification time of '2025-11-29T07:16:09.2117933Z' while content on disk has modification time of '2025-11-29T07:16:18.1356131Z'
  ERROR: Build asset version error: assets/ui/autouiscaler.cs in SourceAssetDB has modification time of '2025-11-29T07:16:09.2117933Z' while content on disk has modification time of '2025-11-29T07:16:18.1356131Z'
Number of updated asset objects reloaded before import = 0Number of asset objects unloaded after import = 0

========================================================================
Received Import Request.
  Time since last request: 0.000016 seconds.
  path: Assets/UI/AutoUIScaler.cs
  artifactKey: Guid(cbfedf99867aecd478b42f231f309adf) Importer(815301076,1909f56bfc062723c751e8b465ee728b)
Start importing Assets/UI/AutoUIScaler.cs using Guid(cbfedf99867aecd478b42f231f309adf) Importer(815301076,1909f56bfc062723c751e8b465ee728b) (PreviewImporter) -> (artifact id: '00000000000000000000000000000000') in 0.0007584 seconds
Import Error Code:(4)
Message: Build asset version error: assets/ui/autouiscaler.cs in SourceAssetDB has modification time of '2025-11-29T07:16:09.2117933Z' while content on disk has modification time of '2025-11-29T07:16:18.1356131Z'
  ERROR: Build asset version error: assets/ui/autouiscaler.cs in SourceAssetDB has modification time of '2025-11-29T07:16:09.2117933Z' while content on disk has modification time of '2025-11-29T07:16:18.1356131Z'
Number of updated asset objects reloaded before import = 0Number of asset objects unloaded after import = 0

========================================================================
Received Import Request.
  Time since last request: 0.000017 seconds.
  path: Assets/UI/AutoUIScaler.cs
  artifactKey: Guid(cbfedf99867aecd478b42f231f309adf) Importer(815301076,1909f56bfc062723c751e8b465ee728b)
Start importing Assets/UI/AutoUIScaler.cs using Guid(cbfedf99867aecd478b42f231f309adf) Importer(815301076,1909f56bfc062723c751e8b465ee728b) (PreviewImporter) -> (artifact id: '00000000000000000000000000000000') in 0.0006521 seconds
Import Error Code:(4)
Message: Build asset version error: assets/ui/autouiscaler.cs in SourceAssetDB has modification time of '2025-11-29T07:16:09.2117933Z' while content on disk has modification time of '2025-11-29T07:16:18.1356131Z'
  ERROR: Build asset version error: assets/ui/autouiscaler.cs in SourceAssetDB has modification time of '2025-11-29T07:16:09.2117933Z' while content on disk has modification time of '2025-11-29T07:16:18.1356131Z'
Number of updated asset objects reloaded before import = 0Number of asset objects unloaded after import = 0

========================================================================
Received Import Request.
  Time since last request: 0.000031 seconds.
  path: Assets/UI/AutoUIScaler.cs
  artifactKey: Guid(cbfedf99867aecd478b42f231f309adf) Importer(815301076,1909f56bfc062723c751e8b465ee728b)
Start importing Assets/UI/AutoUIScaler.cs using Guid(cbfedf99867aecd478b42f231f309adf) Importer(815301076,1909f56bfc062723c751e8b465ee728b) (PreviewImporter) -> (artifact id: '00000000000000000000000000000000') in 0.0010392 seconds
Import Error Code:(4)
Message: Build asset version error: assets/ui/autouiscaler.cs in SourceAssetDB has modification time of '2025-11-29T07:16:09.2117933Z' while content on disk has modification time of '2025-11-29T07:16:18.1356131Z'
  ERROR: Build asset version error: assets/ui/autouiscaler.cs in SourceAssetDB has modification time of '2025-11-29T07:16:09.2117933Z' while content on disk has modification time of '2025-11-29T07:16:18.1356131Z'
Number of updated asset objects reloaded before import = 0Number of asset objects unloaded after import = 0

========================================================================
Received Import Request.
  Time since last request: 0.000017 seconds.
  path: Assets/UI/AutoUIScaler.cs
  artifactKey: Guid(cbfedf99867aecd478b42f231f309adf) Importer(815301076,1909f56bfc062723c751e8b465ee728b)
Start importing Assets/UI/AutoUIScaler.cs using Guid(cbfedf99867aecd478b42f231f309adf) Importer(815301076,1909f56bfc062723c751e8b465ee728b) (PreviewImporter) -> (artifact id: '00000000000000000000000000000000') in 0.0008321 seconds
Import Error Code:(4)
Message: Build asset version error: assets/ui/autouiscaler.cs in SourceAssetDB has modification time of '2025-11-29T07:16:09.2117933Z' while content on disk has modification time of '2025-11-29T07:16:18.1356131Z'
  ERROR: Build asset version error: assets/ui/autouiscaler.cs in SourceAssetDB has modification time of '2025-11-29T07:16:09.2117933Z' while content on disk has modification time of '2025-11-29T07:16:18.1356131Z'
Number of updated asset objects reloaded before import = 0Number of asset objects unloaded after import = 0

========================================================================
Received Import Request.
  Time since last request: 0.000020 seconds.
  path: Assets/UI/AutoUIScaler.cs
  artifactKey: Guid(cbfedf99867aecd478b42f231f309adf) Importer(815301076,1909f56bfc062723c751e8b465ee728b)
Start importing Assets/UI/AutoUIScaler.cs using Guid(cbfedf99867aecd478b42f231f309adf) Importer(815301076,1909f56bfc062723c751e8b465ee728b) (PreviewImporter) -> (artifact id: '00000000000000000000000000000000') in 0.0010323 seconds
Import Error Code:(4)
Message: Build asset version error: assets/ui/autouiscaler.cs in SourceAssetDB has modification time of '2025-11-29T07:16:09.2117933Z' while content on disk has modification time of '2025-11-29T07:16:18.1356131Z'
  ERROR: Build asset version error: assets/ui/autouiscaler.cs in SourceAssetDB has modification time of '2025-11-29T07:16:09.2117933Z' while content on disk has modification time of '2025-11-29T07:16:18.1356131Z'
Number of updated asset objects reloaded before import = 0Number of asset objects unloaded after import = 0

========================================================================
Received Import Request.
  Time since last request: 0.000018 seconds.
  path: Assets/UI/AutoUIScaler.cs
  artifactKey: Guid(cbfedf99867aecd478b42f231f309adf) Importer(815301076,1909f56bfc062723c751e8b465ee728b)
Start importing Assets/UI/AutoUIScaler.cs using Guid(cbfedf99867aecd478b42f231f309adf) Importer(815301076,1909f56bfc062723c751e8b465ee728b) (PreviewImporter) -> (artifact id: '00000000000000000000000000000000') in 0.000704 seconds
Import Error Code:(4)
Message: Build asset version error: assets/ui/autouiscaler.cs in SourceAssetDB has modification time of '2025-11-29T07:16:09.2117933Z' while content on disk has modification time of '2025-11-29T07:16:18.1356131Z'
  ERROR: Build asset version error: assets/ui/autouiscaler.cs in SourceAssetDB has modification time of '2025-11-29T07:16:09.2117933Z' while content on disk has modification time of '2025-11-29T07:16:18.1356131Z'
Number of updated asset objects reloaded before import = 0Number of asset objects unloaded after import = 0

========================================================================
Received Import Request.
  Time since last request: 0.000024 seconds.
  path: Assets/UI/AutoUIScaler.cs
  artifactKey: Guid(cbfedf99867aecd478b42f231f309adf) Importer(815301076,1909f56bfc062723c751e8b465ee728b)
Start importing Assets/UI/AutoUIScaler.cs using Guid(cbfedf99867aecd478b42f231f309adf) Importer(815301076,1909f56bfc062723c751e8b465ee728b) (PreviewImporter) -> (artifact id: '00000000000000000000000000000000') in 0.0007036 seconds
Import Error Code:(4)
Message: Build asset version error: assets/ui/autouiscaler.cs in SourceAssetDB has modification time of '2025-11-29T07:16:09.2117933Z' while content on disk has modification time of '2025-11-29T07:16:18.1356131Z'
  ERROR: Build asset version error: assets/ui/autouiscaler.cs in SourceAssetDB has modification time of '2025-11-29T07:16:09.2117933Z' while content on disk has modification time of '2025-11-29T07:16:18.1356131Z'
Number of updated asset objects reloaded before import = 0Number of asset objects unloaded after import = 0

========================================================================
Received Import Request.
  Time since last request: 0.000026 seconds.
  path: Assets/UI/AutoUIScaler.cs
  artifactKey: Guid(cbfedf99867aecd478b42f231f309adf) Importer(815301076,1909f56bfc062723c751e8b465ee728b)
Start importing Assets/UI/AutoUIScaler.cs using Guid(cbfedf99867aecd478b42f231f309adf) Importer(815301076,1909f56bfc062723c751e8b465ee728b) (PreviewImporter) -> (artifact id: '00000000000000000000000000000000') in 0.0006712 seconds
Import Error Code:(4)
Message: Build asset version error: assets/ui/autouiscaler.cs in SourceAssetDB has modification time of '2025-11-29T07:16:09.2117933Z' while content on disk has modification time of '2025-11-29T07:16:18.1356131Z'
  ERROR: Build asset version error: assets/ui/autouiscaler.cs in SourceAssetDB has modification time of '2025-11-29T07:16:09.2117933Z' while content on disk has modification time of '2025-11-29T07:16:18.1356131Z'
Number of updated asset objects reloaded before import = 0Number of asset objects unloaded after import = 0

========================================================================
Received Import Request.
  Time since last request: 0.001226 seconds.
  path: Assets/UI/AutoUIScaler.cs
  artifactKey: Guid(cbfedf99867aecd478b42f231f309adf) Importer(815301076,1909f56bfc062723c751e8b465ee728b)
Start importing Assets/UI/AutoUIScaler.cs using Guid(cbfedf99867aecd478b42f231f309adf) Importer(815301076,1909f56bfc062723c751e8b465ee728b) (PreviewImporter) -> (artifact id: '00000000000000000000000000000000') in 0.0007425 seconds
Import Error Code:(4)
Message: Build asset version error: assets/ui/autouiscaler.cs in SourceAssetDB has modification time of '2025-11-29T07:16:09.2117933Z' while content on disk has modification time of '2025-11-29T07:16:18.1356131Z'
  ERROR: Build asset version error: assets/ui/autouiscaler.cs in SourceAssetDB has modification time of '2025-11-29T07:16:09.2117933Z' while content on disk has modification time of '2025-11-29T07:16:18.1356131Z'
Number of updated asset objects reloaded before import = 0Number of asset objects unloaded after import = 0

========================================================================
Received Import Request.
  Time since last request: 0.000024 seconds.
  path: Assets/UI/AutoUIScaler.cs
  artifactKey: Guid(cbfedf99867aecd478b42f231f309adf) Importer(815301076,1909f56bfc062723c751e8b465ee728b)
Start importing Assets/UI/AutoUIScaler.cs using Guid(cbfedf99867aecd478b42f231f309adf) Importer(815301076,1909f56bfc062723c751e8b465ee728b) (PreviewImporter) -> (artifact id: '00000000000000000000000000000000') in 0.0013281 seconds
Import Error Code:(4)
Message: Build asset version error: assets/ui/autouiscaler.cs in SourceAssetDB has modification time of '2025-11-29T07:16:09.2117933Z' while content on disk has modification time of '2025-11-29T07:16:18.1356131Z'
  ERROR: Build asset version error: assets/ui/autouiscaler.cs in SourceAssetDB has modification time of '2025-11-29T07:16:09.2117933Z' while content on disk has modification time of '2025-11-29T07:16:18.1356131Z'
Number of updated asset objects reloaded before import = 0Number of asset objects unloaded after import = 0

========================================================================
Received Import Request.
  Time since last request: 0.000032 seconds.
  path: Assets/UI/AutoUIScaler.cs
  artifactKey: Guid(cbfedf99867aecd478b42f231f309adf) Importer(815301076,1909f56bfc062723c751e8b465ee728b)
Start importing Assets/UI/AutoUIScaler.cs using Guid(cbfedf99867aecd478b42f231f309adf) Importer(815301076,1909f56bfc062723c751e8b465ee728b) (PreviewImporter) -> (artifact id: '00000000000000000000000000000000') in 0.0006368 seconds
Import Error Code:(4)
Message: Build asset version error: assets/ui/autouiscaler.cs in SourceAssetDB has modification time of '2025-11-29T07:16:09.2117933Z' while content on disk has modification time of '2025-11-29T07:16:18.1356131Z'
  ERROR: Build asset version error: assets/ui/autouiscaler.cs in SourceAssetDB has modification time of '2025-11-29T07:16:09.2117933Z' while content on disk has modification time of '2025-11-29T07:16:18.1356131Z'
Number of updated asset objects reloaded before import = 0Number of asset objects unloaded after import = 0

========================================================================
Received Import Request.
  Time since last request: 0.000034 seconds.
  path: Assets/UI/AutoUIScaler.cs
  artifactKey: Guid(cbfedf99867aecd478b42f231f309adf) Importer(815301076,1909f56bfc062723c751e8b465ee728b)
Start importing Assets/UI/AutoUIScaler.cs using Guid(cbfedf99867aecd478b42f231f309adf) Importer(815301076,1909f56bfc062723c751e8b465ee728b) (PreviewImporter) -> (artifact id: '00000000000000000000000000000000') in 0.0007313 seconds
Import Error Code:(4)
Message: Build asset version error: assets/ui/autouiscaler.cs in SourceAssetDB has modification time of '2025-11-29T07:16:09.2117933Z' while content on disk has modification time of '2025-11-29T07:16:18.1356131Z'
  ERROR: Build asset version error: assets/ui/autouiscaler.cs in SourceAssetDB has modification time of '2025-11-29T07:16:09.2117933Z' while content on disk has modification time of '2025-11-29T07:16:18.1356131Z'
Number of updated asset objects reloaded before import = 0Number of asset objects unloaded after import = 0

========================================================================
Received Import Request.
  Time since last request: 0.000017 seconds.
  path: Assets/UI/AutoUIScaler.cs
  artifactKey: Guid(cbfedf99867aecd478b42f231f309adf) Importer(815301076,1909f56bfc062723c751e8b465ee728b)
Start importing Assets/UI/AutoUIScaler.cs using Guid(cbfedf99867aecd478b42f231f309adf) Importer(815301076,1909f56bfc062723c751e8b465ee728b) (PreviewImporter) -> (artifact id: '00000000000000000000000000000000') in 0.0007884 seconds
Import Error Code:(4)
Message: Build asset version error: assets/ui/autouiscaler.cs in SourceAssetDB has modification time of '2025-11-29T07:16:09.2117933Z' while content on disk has modification time of '2025-11-29T07:16:18.1356131Z'
  ERROR: Build asset version error: assets/ui/autouiscaler.cs in SourceAssetDB has modification time of '2025-11-29T07:16:09.2117933Z' while content on disk has modification time of '2025-11-29T07:16:18.1356131Z'
Number of updated asset objects reloaded before import = 0Number of asset objects unloaded after import = 0

========================================================================
Received Import Request.
  Time since last request: 0.000056 seconds.
  path: Assets/UI/AutoUIScaler.cs
  artifactKey: Guid(cbfedf99867aecd478b42f231f309adf) Importer(815301076,1909f56bfc062723c751e8b465ee728b)
Start importing Assets/UI/AutoUIScaler.cs using Guid(cbfedf99867aecd478b42f231f309adf) Importer(815301076,1909f56bfc062723c751e8b465ee728b) (PreviewImporter) -> (artifact id: '00000000000000000000000000000000') in 0.0006878 seconds
Import Error Code:(4)
Message: Build asset version error: assets/ui/autouiscaler.cs in SourceAssetDB has modification time of '2025-11-29T07:16:09.2117933Z' while content on disk has modification time of '2025-11-29T07:16:18.1356131Z'
  ERROR: Build asset version error: assets/ui/autouiscaler.cs in SourceAssetDB has modification time of '2025-11-29T07:16:09.2117933Z' while content on disk has modification time of '2025-11-29T07:16:18.1356131Z'
Number of updated asset objects reloaded before import = 0Number of asset objects unloaded after import = 0

========================================================================
Received Import Request.
  Time since last request: 0.000025 seconds.
  path: Assets/UI/AutoUIScaler.cs
  artifactKey: Guid(cbfedf99867aecd478b42f231f309adf) Importer(815301076,1909f56bfc062723c751e8b465ee728b)
Start importing Assets/UI/AutoUIScaler.cs using Guid(cbfedf99867aecd478b42f231f309adf) Importer(815301076,1909f56bfc062723c751e8b465ee728b) (PreviewImporter) -> (artifact id: '00000000000000000000000000000000') in 0.0008067 seconds
Import Error Code:(4)
Message: Build asset version error: assets/ui/autouiscaler.cs in SourceAssetDB has modification time of '2025-11-29T07:16:09.2117933Z' while content on disk has modification time of '2025-11-29T07:16:18.1356131Z'
  ERROR: Build asset version error: assets/ui/autouiscaler.cs in SourceAssetDB has modification time of '2025-11-29T07:16:09.2117933Z' while content on disk has modification time of '2025-11-29T07:16:18.1356131Z'
Number of updated asset objects reloaded before import = 0Number of asset objects unloaded after import = 0

========================================================================
Received Import Request.
  Time since last request: 0.000019 seconds.
  path: Assets/UI/AutoUIScaler.cs
  artifactKey: Guid(cbfedf99867aecd478b42f231f309adf) Importer(815301076,1909f56bfc062723c751e8b465ee728b)
Start importing Assets/UI/AutoUIScaler.cs using Guid(cbfedf99867aecd478b42f231f309adf) Importer(815301076,1909f56bfc062723c751e8b465ee728b) (PreviewImporter) -> (artifact id: '00000000000000000000000000000000') in 0.0007124 seconds
Import Error Code:(4)
Message: Build asset version error: assets/ui/autouiscaler.cs in SourceAssetDB has modification time of '2025-11-29T07:16:09.2117933Z' while content on disk has modification time of '2025-11-29T07:16:18.1356131Z'
  ERROR: Build asset version error: assets/ui/autouiscaler.cs in SourceAssetDB has modification time of '2025-11-29T07:16:09.2117933Z' while content on disk has modification time of '2025-11-29T07:16:18.1356131Z'
Number of updated asset objects reloaded before import = 0Number of asset objects unloaded after import = 0

========================================================================
Received Import Request.
  Time since last request: 0.000016 seconds.
  path: Assets/UI/AutoUIScaler.cs
  artifactKey: Guid(cbfedf99867aecd478b42f231f309adf) Importer(815301076,1909f56bfc062723c751e8b465ee728b)
Start importing Assets/UI/AutoUIScaler.cs using Guid(cbfedf99867aecd478b42f231f309adf) Importer(815301076,1909f56bfc062723c751e8b465ee728b) (PreviewImporter) -> (artifact id: '00000000000000000000000000000000') in 0.0007857 seconds
Import Error Code:(4)
Message: Build asset version error: assets/ui/autouiscaler.cs in SourceAssetDB has modification time of '2025-11-29T07:16:09.2117933Z' while content on disk has modification time of '2025-11-29T07:16:18.1356131Z'
  ERROR: Build asset version error: assets/ui/autouiscaler.cs in SourceAssetDB has modification time of '2025-11-29T07:16:09.2117933Z' while content on disk has modification time of '2025-11-29T07:16:18.1356131Z'
Number of updated asset objects reloaded before import = 0Number of asset objects unloaded after import = 0

========================================================================
Received Import Request.
  Time since last request: 0.000017 seconds.
  path: Assets/UI/AutoUIScaler.cs
  artifactKey: Guid(cbfedf99867aecd478b42f231f309adf) Importer(815301076,1909f56bfc062723c751e8b465ee728b)
Start importing Assets/UI/AutoUIScaler.cs using Guid(cbfedf99867aecd478b42f231f309adf) Importer(815301076,1909f56bfc062723c751e8b465ee728b) (PreviewImporter) -> (artifact id: '00000000000000000000000000000000') in 0.0010079 seconds
Import Error Code:(4)
Message: Build asset version error: assets/ui/autouiscaler.cs in SourceAssetDB has modification time of '2025-11-29T07:16:09.2117933Z' while content on disk has modification time of '2025-11-29T07:16:18.1356131Z'
  ERROR: Build asset version error: assets/ui/autouiscaler.cs in SourceAssetDB has modification time of '2025-11-29T07:16:09.2117933Z' while content on disk has modification time of '2025-11-29T07:16:18.1356131Z'
Number of updated asset objects reloaded before import = 0Number of asset objects unloaded after import = 0

========================================================================
Received Import Request.
  Time since last request: 0.000024 seconds.
  path: Assets/UI/AutoUIScaler.cs
  artifactKey: Guid(cbfedf99867aecd478b42f231f309adf) Importer(815301076,1909f56bfc062723c751e8b465ee728b)
Start importing Assets/UI/AutoUIScaler.cs using Guid(cbfedf99867aecd478b42f231f309adf) Importer(815301076,1909f56bfc062723c751e8b465ee728b) (PreviewImporter) -> (artifact id: '00000000000000000000000000000000') in 0.0007504 seconds
Import Error Code:(4)
Message: Build asset version error: assets/ui/autouiscaler.cs in SourceAssetDB has modification time of '2025-11-29T07:16:09.2117933Z' while content on disk has modification time of '2025-11-29T07:16:18.1356131Z'
  ERROR: Build asset version error: assets/ui/autouiscaler.cs in SourceAssetDB has modification time of '2025-11-29T07:16:09.2117933Z' while content on disk has modification time of '2025-11-29T07:16:18.1356131Z'
Number of updated asset objects reloaded before import = 0Number of asset objects unloaded after import = 0

========================================================================
Received Import Request.
  Time since last request: 0.000020 seconds.
  path: Assets/UI/AutoUIScaler.cs
  artifactKey: Guid(cbfedf99867aecd478b42f231f309adf) Importer(815301076,1909f56bfc062723c751e8b465ee728b)
Start importing Assets/UI/AutoUIScaler.cs using Guid(cbfedf99867aecd478b42f231f309adf) Importer(815301076,1909f56bfc062723c751e8b465ee728b) (PreviewImporter) -> (artifact id: '00000000000000000000000000000000') in 0.0007186 seconds
Import Error Code:(4)
Message: Build asset version error: assets/ui/autouiscaler.cs in SourceAssetDB has modification time of '2025-11-29T07:16:09.2117933Z' while content on disk has modification time of '2025-11-29T07:16:18.1356131Z'
  ERROR: Build asset version error: assets/ui/autouiscaler.cs in SourceAssetDB has modification time of '2025-11-29T07:16:09.2117933Z' while content on disk has modification time of '2025-11-29T07:16:18.1356131Z'
Number of updated asset objects reloaded before import = 0Number of asset objects unloaded after import = 0

========================================================================
Received Import Request.
  Time since last request: 0.000015 seconds.
  path: Assets/UI/AutoUIScaler.cs
  artifactKey: Guid(cbfedf99867aecd478b42f231f309adf) Importer(815301076,1909f56bfc062723c751e8b465ee728b)
Start importing Assets/UI/AutoUIScaler.cs using Guid(cbfedf99867aecd478b42f231f309adf) Importer(815301076,1909f56bfc062723c751e8b465ee728b) (PreviewImporter) -> (artifact id: '00000000000000000000000000000000') in 0.0006862 seconds
Import Error Code:(4)
Message: Build asset version error: assets/ui/autouiscaler.cs in SourceAssetDB has modification time of '2025-11-29T07:16:09.2117933Z' while content on disk has modification time of '2025-11-29T07:16:18.1356131Z'
  ERROR: Build asset version error: assets/ui/autouiscaler.cs in SourceAssetDB has modification time of '2025-11-29T07:16:09.2117933Z' while content on disk has modification time of '2025-11-29T07:16:18.1356131Z'
Number of updated asset objects reloaded before import = 0Number of asset objects unloaded after import = 0

========================================================================
Received Import Request.
  Time since last request: 0.000019 seconds.
  path: Assets/UI/AutoUIScaler.cs
  artifactKey: Guid(cbfedf99867aecd478b42f231f309adf) Importer(815301076,1909f56bfc062723c751e8b465ee728b)
Start importing Assets/UI/AutoUIScaler.cs using Guid(cbfedf99867aecd478b42f231f309adf) Importer(815301076,1909f56bfc062723c751e8b465ee728b) (PreviewImporter) -> (artifact id: '00000000000000000000000000000000') in 0.0007593 seconds
Import Error Code:(4)
Message: Build asset version error: assets/ui/autouiscaler.cs in SourceAssetDB has modification time of '2025-11-29T07:16:09.2117933Z' while content on disk has modification time of '2025-11-29T07:16:18.1356131Z'
  ERROR: Build asset version error: assets/ui/autouiscaler.cs in SourceAssetDB has modification time of '2025-11-29T07:16:09.2117933Z' while content on disk has modification time of '2025-11-29T07:16:18.1356131Z'
Number of updated asset objects reloaded before import = 0Number of asset objects unloaded after import = 0

========================================================================
Received Import Request.
  Time since last request: 0.000024 seconds.
  path: Assets/UI/AutoUIScaler.cs
  artifactKey: Guid(cbfedf99867aecd478b42f231f309adf) Importer(815301076,1909f56bfc062723c751e8b465ee728b)
Start importing Assets/UI/AutoUIScaler.cs using Guid(cbfedf99867aecd478b42f231f309adf) Importer(815301076,1909f56bfc062723c751e8b465ee728b) (PreviewImporter) -> (artifact id: '00000000000000000000000000000000') in 0.0006777 seconds
Import Error Code:(4)
Message: Build asset version error: assets/ui/autouiscaler.cs in SourceAssetDB has modification time of '2025-11-29T07:16:09.2117933Z' while content on disk has modification time of '2025-11-29T07:16:18.1356131Z'
  ERROR: Build asset version error: assets/ui/autouiscaler.cs in SourceAssetDB has modification time of '2025-11-29T07:16:09.2117933Z' while content on disk has modification time of '2025-11-29T07:16:18.1356131Z'
Number of updated asset objects reloaded before import = 0Number of asset objects unloaded after import = 0

========================================================================
Received Import Request.
  Time since last request: 0.000031 seconds.
  path: Assets/UI/AutoUIScaler.cs
  artifactKey: Guid(cbfedf99867aecd478b42f231f309adf) Importer(815301076,1909f56bfc062723c751e8b465ee728b)
Start importing Assets/UI/AutoUIScaler.cs using Guid(cbfedf99867aecd478b42f231f309adf) Importer(815301076,1909f56bfc062723c751e8b465ee728b) (PreviewImporter) -> (artifact id: '00000000000000000000000000000000') in 0.0006284 seconds
Import Error Code:(4)
Message: Build asset version error: assets/ui/autouiscaler.cs in SourceAssetDB has modification time of '2025-11-29T07:16:09.2117933Z' while content on disk has modification time of '2025-11-29T07:16:18.1356131Z'
  ERROR: Build asset version error: assets/ui/autouiscaler.cs in SourceAssetDB has modification time of '2025-11-29T07:16:09.2117933Z' while content on disk has modification time of '2025-11-29T07:16:18.1356131Z'
Number of updated asset objects reloaded before import = 0Number of asset objects unloaded after import = 0

========================================================================
Received Import Request.
  Time since last request: 0.000016 seconds.
  path: Assets/UI/AutoUIScaler.cs
  artifactKey: Guid(cbfedf99867aecd478b42f231f309adf) Importer(815301076,1909f56bfc062723c751e8b465ee728b)
Start importing Assets/UI/AutoUIScaler.cs using Guid(cbfedf99867aecd478b42f231f309adf) Importer(815301076,1909f56bfc062723c751e8b465ee728b) (PreviewImporter) -> (artifact id: '00000000000000000000000000000000') in 0.0022722 seconds
Import Error Code:(4)
Message: Build asset version error: assets/ui/autouiscaler.cs in SourceAssetDB has modification time of '2025-11-29T07:16:09.2117933Z' while content on disk has modification time of '2025-11-29T07:16:18.1356131Z'
  ERROR: Build asset version error: assets/ui/autouiscaler.cs in SourceAssetDB has modification time of '2025-11-29T07:16:09.2117933Z' while content on disk has modification time of '2025-11-29T07:16:18.1356131Z'
Number of updated asset objects reloaded before import = 0Number of asset objects unloaded after import = 0

========================================================================
Received Import Request.
  Time since last request: 0.000019 seconds.
  path: Assets/UI/AutoUIScaler.cs
  artifactKey: Guid(cbfedf99867aecd478b42f231f309adf) Importer(815301076,1909f56bfc062723c751e8b465ee728b)
Start importing Assets/UI/AutoUIScaler.cs using Guid(cbfedf99867aecd478b42f231f309adf) Importer(815301076,1909f56bfc062723c751e8b465ee728b) (PreviewImporter) -> (artifact id: '00000000000000000000000000000000') in 0.0006963 seconds
Import Error Code:(4)
Message: Build asset version error: assets/ui/autouiscaler.cs in SourceAssetDB has modification time of '2025-11-29T07:16:09.2117933Z' while content on disk has modification time of '2025-11-29T07:16:18.1356131Z'
  ERROR: Build asset version error: assets/ui/autouiscaler.cs in SourceAssetDB has modification time of '2025-11-29T07:16:09.2117933Z' while content on disk has modification time of '2025-11-29T07:16:18.1356131Z'
Number of updated asset objects reloaded before import = 0Number of asset objects unloaded after import = 0

========================================================================
Received Import Request.
  Time since last request: 0.000031 seconds.
  path: Assets/UI/AutoUIScaler.cs
  artifactKey: Guid(cbfedf99867aecd478b42f231f309adf) Importer(815301076,1909f56bfc062723c751e8b465ee728b)
Start importing Assets/UI/AutoUIScaler.cs using Guid(cbfedf99867aecd478b42f231f309adf) Importer(815301076,1909f56bfc062723c751e8b465ee728b) (PreviewImporter) -> (artifact id: '00000000000000000000000000000000') in 0.0007673 seconds
Import Error Code:(4)
Message: Build asset version error: assets/ui/autouiscaler.cs in SourceAssetDB has modification time of '2025-11-29T07:16:09.2117933Z' while content on disk has modification time of '2025-11-29T07:16:18.1356131Z'
  ERROR: Build asset version error: assets/ui/autouiscaler.cs in SourceAssetDB has modification time of '2025-11-29T07:16:09.2117933Z' while content on disk has modification time of '2025-11-29T07:16:18.1356131Z'
Number of updated asset objects reloaded before import = 0Number of asset objects unloaded after import = 0

========================================================================
Received Import Request.
  Time since last request: 0.000032 seconds.
  path: Assets/UI/AutoUIScaler.cs
  artifactKey: Guid(cbfedf99867aecd478b42f231f309adf) Importer(815301076,1909f56bfc062723c751e8b465ee728b)
Start importing Assets/UI/AutoUIScaler.cs using Guid(cbfedf99867aecd478b42f231f309adf) Importer(815301076,1909f56bfc062723c751e8b465ee728b) (PreviewImporter) -> (artifact id: '00000000000000000000000000000000') in 0.0006518 seconds
Import Error Code:(4)
Message: Build asset version error: assets/ui/autouiscaler.cs in SourceAssetDB has modification time of '2025-11-29T07:16:09.2117933Z' while content on disk has modification time of '2025-11-29T07:16:18.1356131Z'
  ERROR: Build asset version error: assets/ui/autouiscaler.cs in SourceAssetDB has modification time of '2025-11-29T07:16:09.2117933Z' while content on disk has modification time of '2025-11-29T07:16:18.1356131Z'
Number of updated asset objects reloaded before import = 0Number of asset objects unloaded after import = 0

========================================================================
Received Import Request.
  Time since last request: 0.000016 seconds.
  path: Assets/UI/AutoUIScaler.cs
  artifactKey: Guid(cbfedf99867aecd478b42f231f309adf) Importer(815301076,1909f56bfc062723c751e8b465ee728b)
Start importing Assets/UI/AutoUIScaler.cs using Guid(cbfedf99867aecd478b42f231f309adf) Importer(815301076,1909f56bfc062723c751e8b465ee728b) (PreviewImporter) -> (artifact id: '00000000000000000000000000000000') in 0.0011215 seconds
Import Error Code:(4)
Message: Build asset version error: assets/ui/autouiscaler.cs in SourceAssetDB has modification time of '2025-11-29T07:16:09.2117933Z' while content on disk has modification time of '2025-11-29T07:16:18.1356131Z'
  ERROR: Build asset version error: assets/ui/autouiscaler.cs in SourceAssetDB has modification time of '2025-11-29T07:16:09.2117933Z' while content on disk has modification time of '2025-11-29T07:16:18.1356131Z'
Number of updated asset objects reloaded before import = 0Number of asset objects unloaded after import = 0

========================================================================
Received Import Request.
  Time since last request: 0.000018 seconds.
  path: Assets/UI/AutoUIScaler.cs
  artifactKey: Guid(cbfedf99867aecd478b42f231f309adf) Importer(815301076,1909f56bfc062723c751e8b465ee728b)
Start importing Assets/UI/AutoUIScaler.cs using Guid(cbfedf99867aecd478b42f231f309adf) Importer(815301076,1909f56bfc062723c751e8b465ee728b) (PreviewImporter) -> (artifact id: '00000000000000000000000000000000') in 0.0006298 seconds
Import Error Code:(4)
Message: Build asset version error: assets/ui/autouiscaler.cs in SourceAssetDB has modification time of '2025-11-29T07:16:09.2117933Z' while content on disk has modification time of '2025-11-29T07:16:18.1356131Z'
  ERROR: Build asset version error: assets/ui/autouiscaler.cs in SourceAssetDB has modification time of '2025-11-29T07:16:09.2117933Z' while content on disk has modification time of '2025-11-29T07:16:18.1356131Z'
Number of updated asset objects reloaded before import = 0Number of asset objects unloaded after import = 0

========================================================================
Received Import Request.
  Time since last request: 0.000031 seconds.
  path: Assets/UI/AutoUIScaler.cs
  artifactKey: Guid(cbfedf99867aecd478b42f231f309adf) Importer(815301076,1909f56bfc062723c751e8b465ee728b)
Start importing Assets/UI/AutoUIScaler.cs using Guid(cbfedf99867aecd478b42f231f309adf) Importer(815301076,1909f56bfc062723c751e8b465ee728b) (PreviewImporter) -> (artifact id: '00000000000000000000000000000000') in 0.000586 seconds
Import Error Code:(4)
Message: Build asset version error: assets/ui/autouiscaler.cs in SourceAssetDB has modification time of '2025-11-29T07:16:09.2117933Z' while content on disk has modification time of '2025-11-29T07:16:18.1356131Z'
  ERROR: Build asset version error: assets/ui/autouiscaler.cs in SourceAssetDB has modification time of '2025-11-29T07:16:09.2117933Z' while content on disk has modification time of '2025-11-29T07:16:18.1356131Z'
Number of updated asset objects reloaded before import = 0Number of asset objects unloaded after import = 0

========================================================================
Received Import Request.
  Time since last request: 0.000027 seconds.
  path: Assets/UI/AutoUIScaler.cs
  artifactKey: Guid(cbfedf99867aecd478b42f231f309adf) Importer(815301076,1909f56bfc062723c751e8b465ee728b)
Start importing Assets/UI/AutoUIScaler.cs using Guid(cbfedf99867aecd478b42f231f309adf) Importer(815301076,1909f56bfc062723c751e8b465ee728b) (PreviewImporter) -> (artifact id: '00000000000000000000000000000000') in 0.0006544 seconds
Import Error Code:(4)
Message: Build asset version error: assets/ui/autouiscaler.cs in SourceAssetDB has modification time of '2025-11-29T07:16:09.2117933Z' while content on disk has modification time of '2025-11-29T07:16:18.1356131Z'
  ERROR: Build asset version error: assets/ui/autouiscaler.cs in SourceAssetDB has modification time of '2025-11-29T07:16:09.2117933Z' while content on disk has modification time of '2025-11-29T07:16:18.1356131Z'
Number of updated asset objects reloaded before import = 0Number of asset objects unloaded after import = 0

========================================================================
Received Import Request.
  Time since last request: 0.000021 seconds.
  path: Assets/UI/AutoUIScaler.cs
  artifactKey: Guid(cbfedf99867aecd478b42f231f309adf) Importer(815301076,1909f56bfc062723c751e8b465ee728b)
Start importing Assets/UI/AutoUIScaler.cs using Guid(cbfedf99867aecd478b42f231f309adf) Importer(815301076,1909f56bfc062723c751e8b465ee728b) (PreviewImporter) -> (artifact id: '00000000000000000000000000000000') in 0.000627 seconds
Import Error Code:(4)
Message: Build asset version error: assets/ui/autouiscaler.cs in SourceAssetDB has modification time of '2025-11-29T07:16:09.2117933Z' while content on disk has modification time of '2025-11-29T07:16:18.1356131Z'
  ERROR: Build asset version error: assets/ui/autouiscaler.cs in SourceAssetDB has modification time of '2025-11-29T07:16:09.2117933Z' while content on disk has modification time of '2025-11-29T07:16:18.1356131Z'
Number of updated asset objects reloaded before import = 0Number of asset objects unloaded after import = 0

========================================================================
Received Import Request.
  Time since last request: 0.000024 seconds.
  path: Assets/UI/AutoUIScaler.cs
  artifactKey: Guid(cbfedf99867aecd478b42f231f309adf) Importer(815301076,1909f56bfc062723c751e8b465ee728b)
Start importing Assets/UI/AutoUIScaler.cs using Guid(cbfedf99867aecd478b42f231f309adf) Importer(815301076,1909f56bfc062723c751e8b465ee728b) (PreviewImporter) -> (artifact id: '00000000000000000000000000000000') in 0.0011454 seconds
Import Error Code:(4)
Message: Build asset version error: assets/ui/autouiscaler.cs in SourceAssetDB has modification time of '2025-11-29T07:16:09.2117933Z' while content on disk has modification time of '2025-11-29T07:16:18.1356131Z'
  ERROR: Build asset version error: assets/ui/autouiscaler.cs in SourceAssetDB has modification time of '2025-11-29T07:16:09.2117933Z' while content on disk has modification time of '2025-11-29T07:16:18.1356131Z'
Number of updated asset objects reloaded before import = 0Number of asset objects unloaded after import = 0

========================================================================
Received Import Request.
  Time since last request: 0.000032 seconds.
  path: Assets/UI/AutoUIScaler.cs
  artifactKey: Guid(cbfedf99867aecd478b42f231f309adf) Importer(815301076,1909f56bfc062723c751e8b465ee728b)
Start importing Assets/UI/AutoUIScaler.cs using Guid(cbfedf99867aecd478b42f231f309adf) Importer(815301076,1909f56bfc062723c751e8b465ee728b) (PreviewImporter) -> (artifact id: '00000000000000000000000000000000') in 0.0006381 seconds
Import Error Code:(4)
Message: Build asset version error: assets/ui/autouiscaler.cs in SourceAssetDB has modification time of '2025-11-29T07:16:09.2117933Z' while content on disk has modification time of '2025-11-29T07:16:18.1356131Z'
  ERROR: Build asset version error: assets/ui/autouiscaler.cs in SourceAssetDB has modification time of '2025-11-29T07:16:09.2117933Z' while content on disk has modification time of '2025-11-29T07:16:18.1356131Z'
Number of updated asset objects reloaded before import = 0Number of asset objects unloaded after import = 0

========================================================================
Received Import Request.
  Time since last request: 0.000042 seconds.
  path: Assets/UI/AutoUIScaler.cs
  artifactKey: Guid(cbfedf99867aecd478b42f231f309adf) Importer(815301076,1909f56bfc062723c751e8b465ee728b)
Start importing Assets/UI/AutoUIScaler.cs using Guid(cbfedf99867aecd478b42f231f309adf) Importer(815301076,1909f56bfc062723c751e8b465ee728b) (PreviewImporter) -> (artifact id: '00000000000000000000000000000000') in 0.0015578 seconds
Import Error Code:(4)
Message: Build asset version error: assets/ui/autouiscaler.cs in SourceAssetDB has modification time of '2025-11-29T07:16:09.2117933Z' while content on disk has modification time of '2025-11-29T07:16:18.1356131Z'
  ERROR: Build asset version error: assets/ui/autouiscaler.cs in SourceAssetDB has modification time of '2025-11-29T07:16:09.2117933Z' while content on disk has modification time of '2025-11-29T07:16:18.1356131Z'
Number of updated asset objects reloaded before import = 0Number of asset objects unloaded after import = 0

========================================================================
Received Import Request.
  Time since last request: 0.000023 seconds.
  path: Assets/UI/AutoUIScaler.cs
  artifactKey: Guid(cbfedf99867aecd478b42f231f309adf) Importer(815301076,1909f56bfc062723c751e8b465ee728b)
Start importing Assets/UI/AutoUIScaler.cs using Guid(cbfedf99867aecd478b42f231f309adf) Importer(815301076,1909f56bfc062723c751e8b465ee728b) (PreviewImporter) -> (artifact id: '00000000000000000000000000000000') in 0.0010149 seconds
Import Error Code:(4)
Message: Build asset version error: assets/ui/autouiscaler.cs in SourceAssetDB has modification time of '2025-11-29T07:16:09.2117933Z' while content on disk has modification time of '2025-11-29T07:16:18.1356131Z'
  ERROR: Build asset version error: assets/ui/autouiscaler.cs in SourceAssetDB has modification time of '2025-11-29T07:16:09.2117933Z' while content on disk has modification time of '2025-11-29T07:16:18.1356131Z'
Number of updated asset objects reloaded before import = 0Number of asset objects unloaded after import = 0

========================================================================
Received Import Request.
  Time since last request: 0.000027 seconds.
  path: Assets/UI/AutoUIScaler.cs
  artifactKey: Guid(cbfedf99867aecd478b42f231f309adf) Importer(815301076,1909f56bfc062723c751e8b465ee728b)
Start importing Assets/UI/AutoUIScaler.cs using Guid(cbfedf99867aecd478b42f231f309adf) Importer(815301076,1909f56bfc062723c751e8b465ee728b) (PreviewImporter) -> (artifact id: '00000000000000000000000000000000') in 0.0006859 seconds
Import Error Code:(4)
Message: Build asset version error: assets/ui/autouiscaler.cs in SourceAssetDB has modification time of '2025-11-29T07:16:09.2117933Z' while content on disk has modification time of '2025-11-29T07:16:18.1356131Z'
  ERROR: Build asset version error: assets/ui/autouiscaler.cs in SourceAssetDB has modification time of '2025-11-29T07:16:09.2117933Z' while content on disk has modification time of '2025-11-29T07:16:18.1356131Z'
Number of updated asset objects reloaded before import = 0Number of asset objects unloaded after import = 0

========================================================================
Received Import Request.
  Time since last request: 0.000018 seconds.
  path: Assets/UI/AutoUIScaler.cs
  artifactKey: Guid(cbfedf99867aecd478b42f231f309adf) Importer(815301076,1909f56bfc062723c751e8b465ee728b)
Start importing Assets/UI/AutoUIScaler.cs using Guid(cbfedf99867aecd478b42f231f309adf) Importer(815301076,1909f56bfc062723c751e8b465ee728b) (PreviewImporter) -> (artifact id: '00000000000000000000000000000000') in 0.0013407 seconds
Import Error Code:(4)
Message: Build asset version error: assets/ui/autouiscaler.cs in SourceAssetDB has modification time of '2025-11-29T07:16:09.2117933Z' while content on disk has modification time of '2025-11-29T07:16:18.1356131Z'
  ERROR: Build asset version error: assets/ui/autouiscaler.cs in SourceAssetDB has modification time of '2025-11-29T07:16:09.2117933Z' while content on disk has modification time of '2025-11-29T07:16:18.1356131Z'
Number of updated asset objects reloaded before import = 0Number of asset objects unloaded after import = 0

========================================================================
Received Import Request.
  Time since last request: 0.000021 seconds.
  path: Assets/UI/AutoUIScaler.cs
  artifactKey: Guid(cbfedf99867aecd478b42f231f309adf) Importer(815301076,1909f56bfc062723c751e8b465ee728b)
Start importing Assets/UI/AutoUIScaler.cs using Guid(cbfedf99867aecd478b42f231f309adf) Importer(815301076,1909f56bfc062723c751e8b465ee728b) (PreviewImporter) -> (artifact id: '00000000000000000000000000000000') in 0.0008442 seconds
Import Error Code:(4)
Message: Build asset version error: assets/ui/autouiscaler.cs in SourceAssetDB has modification time of '2025-11-29T07:16:09.2117933Z' while content on disk has modification time of '2025-11-29T07:16:18.1356131Z'
  ERROR: Build asset version error: assets/ui/autouiscaler.cs in SourceAssetDB has modification time of '2025-11-29T07:16:09.2117933Z' while content on disk has modification time of '2025-11-29T07:16:18.1356131Z'
Number of updated asset objects reloaded before import = 0Number of asset objects unloaded after import = 0

========================================================================
Received Import Request.
  Time since last request: 0.000021 seconds.
  path: Assets/UI/AutoUIScaler.cs
  artifactKey: Guid(cbfedf99867aecd478b42f231f309adf) Importer(815301076,1909f56bfc062723c751e8b465ee728b)
Start importing Assets/UI/AutoUIScaler.cs using Guid(cbfedf99867aecd478b42f231f309adf) Importer(815301076,1909f56bfc062723c751e8b465ee728b) (PreviewImporter) -> (artifact id: '00000000000000000000000000000000') in 0.001169 seconds
Import Error Code:(4)
Message: Build asset version error: assets/ui/autouiscaler.cs in SourceAssetDB has modification time of '2025-11-29T07:16:09.2117933Z' while content on disk has modification time of '2025-11-29T07:16:18.1356131Z'
  ERROR: Build asset version error: assets/ui/autouiscaler.cs in SourceAssetDB has modification time of '2025-11-29T07:16:09.2117933Z' while content on disk has modification time of '2025-11-29T07:16:18.1356131Z'
Number of updated asset objects reloaded before import = 0Number of asset objects unloaded after import = 0

========================================================================
Received Import Request.
  Time since last request: 0.000034 seconds.
  path: Assets/UI/AutoUIScaler.cs
  artifactKey: Guid(cbfedf99867aecd478b42f231f309adf) Importer(815301076,1909f56bfc062723c751e8b465ee728b)
Start importing Assets/UI/AutoUIScaler.cs using Guid(cbfedf99867aecd478b42f231f309adf) Importer(815301076,1909f56bfc062723c751e8b465ee728b) (PreviewImporter) -> (artifact id: '00000000000000000000000000000000') in 0.0006845 seconds
Import Error Code:(4)
Message: Build asset version error: assets/ui/autouiscaler.cs in SourceAssetDB has modification time of '2025-11-29T07:16:09.2117933Z' while content on disk has modification time of '2025-11-29T07:16:18.1356131Z'
  ERROR: Build asset version error: assets/ui/autouiscaler.cs in SourceAssetDB has modification time of '2025-11-29T07:16:09.2117933Z' while content on disk has modification time of '2025-11-29T07:16:18.1356131Z'
Number of updated asset objects reloaded before import = 0Number of asset objects unloaded after import = 0

========================================================================
Received Import Request.
  Time since last request: 0.000015 seconds.
  path: Assets/UI/AutoUIScaler.cs
  artifactKey: Guid(cbfedf99867aecd478b42f231f309adf) Importer(815301076,1909f56bfc062723c751e8b465ee728b)
Start importing Assets/UI/AutoUIScaler.cs using Guid(cbfedf99867aecd478b42f231f309adf) Importer(815301076,1909f56bfc062723c751e8b465ee728b) (PreviewImporter) -> (artifact id: '00000000000000000000000000000000') in 0.000707 seconds
Import Error Code:(4)
Message: Build asset version error: assets/ui/autouiscaler.cs in SourceAssetDB has modification time of '2025-11-29T07:16:09.2117933Z' while content on disk has modification time of '2025-11-29T07:16:18.1356131Z'
  ERROR: Build asset version error: assets/ui/autouiscaler.cs in SourceAssetDB has modification time of '2025-11-29T07:16:09.2117933Z' while content on disk has modification time of '2025-11-29T07:16:18.1356131Z'
Number of updated asset objects reloaded before import = 0Number of asset objects unloaded after import = 0

========================================================================
Received Import Request.
  Time since last request: 0.000015 seconds.
  path: Assets/UI/AutoUIScaler.cs
  artifactKey: Guid(cbfedf99867aecd478b42f231f309adf) Importer(815301076,1909f56bfc062723c751e8b465ee728b)
Start importing Assets/UI/AutoUIScaler.cs using Guid(cbfedf99867aecd478b42f231f309adf) Importer(815301076,1909f56bfc062723c751e8b465ee728b) (PreviewImporter) -> (artifact id: '00000000000000000000000000000000') in 0.0007836 seconds
Import Error Code:(4)
Message: Build asset version error: assets/ui/autouiscaler.cs in SourceAssetDB has modification time of '2025-11-29T07:16:09.2117933Z' while content on disk has modification time of '2025-11-29T07:16:18.1356131Z'
  ERROR: Build asset version error: assets/ui/autouiscaler.cs in SourceAssetDB has modification time of '2025-11-29T07:16:09.2117933Z' while content on disk has modification time of '2025-11-29T07:16:18.1356131Z'
Number of updated asset objects reloaded before import = 0Number of asset objects unloaded after import = 0

========================================================================
Received Import Request.
  Time since last request: 0.000017 seconds.
  path: Assets/UI/AutoUIScaler.cs
  artifactKey: Guid(cbfedf99867aecd478b42f231f309adf) Importer(815301076,1909f56bfc062723c751e8b465ee728b)
Start importing Assets/UI/AutoUIScaler.cs using Guid(cbfedf99867aecd478b42f231f309adf) Importer(815301076,1909f56bfc062723c751e8b465ee728b) (PreviewImporter) -> (artifact id: '00000000000000000000000000000000') in 0.0030166 seconds
Import Error Code:(4)
Message: Build asset version error: assets/ui/autouiscaler.cs in SourceAssetDB has modification time of '2025-11-29T07:16:09.2117933Z' while content on disk has modification time of '2025-11-29T07:16:18.1356131Z'
  ERROR: Build asset version error: assets/ui/autouiscaler.cs in SourceAssetDB has modification time of '2025-11-29T07:16:09.2117933Z' while content on disk has modification time of '2025-11-29T07:16:18.1356131Z'
Number of updated asset objects reloaded before import = 0Number of asset objects unloaded after import = 0

========================================================================
Received Import Request.
  Time since last request: 0.000023 seconds.
  path: Assets/UI/AutoUIScaler.cs
  artifactKey: Guid(cbfedf99867aecd478b42f231f309adf) Importer(815301076,1909f56bfc062723c751e8b465ee728b)
Start importing Assets/UI/AutoUIScaler.cs using Guid(cbfedf99867aecd478b42f231f309adf) Importer(815301076,1909f56bfc062723c751e8b465ee728b) (PreviewImporter) -> (artifact id: '00000000000000000000000000000000') in 0.0006983 seconds
Import Error Code:(4)
Message: Build asset version error: assets/ui/autouiscaler.cs in SourceAssetDB has modification time of '2025-11-29T07:16:09.2117933Z' while content on disk has modification time of '2025-11-29T07:16:18.1356131Z'
  ERROR: Build asset version error: assets/ui/autouiscaler.cs in SourceAssetDB has modification time of '2025-11-29T07:16:09.2117933Z' while content on disk has modification time of '2025-11-29T07:16:18.1356131Z'
Number of updated asset objects reloaded before import = 0Number of asset objects unloaded after import = 0

========================================================================
Received Import Request.
  Time since last request: 0.000015 seconds.
  path: Assets/UI/AutoUIScaler.cs
  artifactKey: Guid(cbfedf99867aecd478b42f231f309adf) Importer(815301076,1909f56bfc062723c751e8b465ee728b)
Start importing Assets/UI/AutoUIScaler.cs using Guid(cbfedf99867aecd478b42f231f309adf) Importer(815301076,1909f56bfc062723c751e8b465ee728b) (PreviewImporter) -> (artifact id: '00000000000000000000000000000000') in 0.0007263 seconds
Import Error Code:(4)
Message: Build asset version error: assets/ui/autouiscaler.cs in SourceAssetDB has modification time of '2025-11-29T07:16:09.2117933Z' while content on disk has modification time of '2025-11-29T07:16:18.1356131Z'
  ERROR: Build asset version error: assets/ui/autouiscaler.cs in SourceAssetDB has modification time of '2025-11-29T07:16:09.2117933Z' while content on disk has modification time of '2025-11-29T07:16:18.1356131Z'
Number of updated asset objects reloaded before import = 0Number of asset objects unloaded after import = 0

========================================================================
Received Import Request.
  Time since last request: 0.000016 seconds.
  path: Assets/UI/AutoUIScaler.cs
  artifactKey: Guid(cbfedf99867aecd478b42f231f309adf) Importer(815301076,1909f56bfc062723c751e8b465ee728b)
Start importing Assets/UI/AutoUIScaler.cs using Guid(cbfedf99867aecd478b42f231f309adf) Importer(815301076,1909f56bfc062723c751e8b465ee728b) (PreviewImporter) -> (artifact id: '00000000000000000000000000000000') in 0.0011398 seconds
Import Error Code:(4)
Message: Build asset version error: assets/ui/autouiscaler.cs in SourceAssetDB has modification time of '2025-11-29T07:16:09.2117933Z' while content on disk has modification time of '2025-11-29T07:16:18.1356131Z'
  ERROR: Build asset version error: assets/ui/autouiscaler.cs in SourceAssetDB has modification time of '2025-11-29T07:16:09.2117933Z' while content on disk has modification time of '2025-11-29T07:16:18.1356131Z'
Number of updated asset objects reloaded before import = 0Number of asset objects unloaded after import = 0

========================================================================
Received Import Request.
  Time since last request: 0.000024 seconds.
  path: Assets/UI/AutoUIScaler.cs
  artifactKey: Guid(cbfedf99867aecd478b42f231f309adf) Importer(815301076,1909f56bfc062723c751e8b465ee728b)
Start importing Assets/UI/AutoUIScaler.cs using Guid(cbfedf99867aecd478b42f231f309adf) Importer(815301076,1909f56bfc062723c751e8b465ee728b) (PreviewImporter) -> (artifact id: '00000000000000000000000000000000') in 0.0006167 seconds
Import Error Code:(4)
Message: Build asset version error: assets/ui/autouiscaler.cs in SourceAssetDB has modification time of '2025-11-29T07:16:09.2117933Z' while content on disk has modification time of '2025-11-29T07:16:18.1356131Z'
  ERROR: Build asset version error: assets/ui/autouiscaler.cs in SourceAssetDB has modification time of '2025-11-29T07:16:09.2117933Z' while content on disk has modification time of '2025-11-29T07:16:18.1356131Z'
Number of updated asset objects reloaded before import = 0Number of asset objects unloaded after import = 0

========================================================================
Received Import Request.
  Time since last request: 0.000023 seconds.
  path: Assets/UI/AutoUIScaler.cs
  artifactKey: Guid(cbfedf99867aecd478b42f231f309adf) Importer(815301076,1909f56bfc062723c751e8b465ee728b)
Start importing Assets/UI/AutoUIScaler.cs using Guid(cbfedf99867aecd478b42f231f309adf) Importer(815301076,1909f56bfc062723c751e8b465ee728b) (PreviewImporter) -> (artifact id: '00000000000000000000000000000000') in 0.0008993 seconds
Import Error Code:(4)
Message: Build asset version error: assets/ui/autouiscaler.cs in SourceAssetDB has modification time of '2025-11-29T07:16:09.2117933Z' while content on disk has modification time of '2025-11-29T07:16:18.1356131Z'
  ERROR: Build asset version error: assets/ui/autouiscaler.cs in SourceAssetDB has modification time of '2025-11-29T07:16:09.2117933Z' while content on disk has modification time of '2025-11-29T07:16:18.1356131Z'
Number of updated asset objects reloaded before import = 0Number of asset objects unloaded after import = 0

========================================================================
Received Import Request.
  Time since last request: 0.000020 seconds.
  path: Assets/UI/AutoUIScaler.cs
  artifactKey: Guid(cbfedf99867aecd478b42f231f309adf) Importer(815301076,1909f56bfc062723c751e8b465ee728b)
Start importing Assets/UI/AutoUIScaler.cs using Guid(cbfedf99867aecd478b42f231f309adf) Importer(815301076,1909f56bfc062723c751e8b465ee728b) (PreviewImporter) -> (artifact id: '00000000000000000000000000000000') in 0.0009339 seconds
Import Error Code:(4)
Message: Build asset version error: assets/ui/autouiscaler.cs in SourceAssetDB has modification time of '2025-11-29T07:16:09.2117933Z' while content on disk has modification time of '2025-11-29T07:16:18.1356131Z'
  ERROR: Build asset version error: assets/ui/autouiscaler.cs in SourceAssetDB has modification time of '2025-11-29T07:16:09.2117933Z' while content on disk has modification time of '2025-11-29T07:16:18.1356131Z'
Number of updated asset objects reloaded before import = 0Number of asset objects unloaded after import = 0

========================================================================
Received Import Request.
  Time since last request: 0.000015 seconds.
  path: Assets/UI/AutoUIScaler.cs
  artifactKey: Guid(cbfedf99867aecd478b42f231f309adf) Importer(815301076,1909f56bfc062723c751e8b465ee728b)
Start importing Assets/UI/AutoUIScaler.cs using Guid(cbfedf99867aecd478b42f231f309adf) Importer(815301076,1909f56bfc062723c751e8b465ee728b) (PreviewImporter) -> (artifact id: '00000000000000000000000000000000') in 0.0009168 seconds
Import Error Code:(4)
Message: Build asset version error: assets/ui/autouiscaler.cs in SourceAssetDB has modification time of '2025-11-29T07:16:09.2117933Z' while content on disk has modification time of '2025-11-29T07:16:18.1356131Z'
  ERROR: Build asset version error: assets/ui/autouiscaler.cs in SourceAssetDB has modification time of '2025-11-29T07:16:09.2117933Z' while content on disk has modification time of '2025-11-29T07:16:18.1356131Z'
Number of updated asset objects reloaded before import = 0Number of asset objects unloaded after import = 0

========================================================================
Received Import Request.
  Time since last request: 0.000018 seconds.
  path: Assets/UI/AutoUIScaler.cs
  artifactKey: Guid(cbfedf99867aecd478b42f231f309adf) Importer(815301076,1909f56bfc062723c751e8b465ee728b)
Start importing Assets/UI/AutoUIScaler.cs using Guid(cbfedf99867aecd478b42f231f309adf) Importer(815301076,1909f56bfc062723c751e8b465ee728b) (PreviewImporter) -> (artifact id: '00000000000000000000000000000000') in 0.0006918 seconds
Import Error Code:(4)
Message: Build asset version error: assets/ui/autouiscaler.cs in SourceAssetDB has modification time of '2025-11-29T07:16:09.2117933Z' while content on disk has modification time of '2025-11-29T07:16:18.1356131Z'
  ERROR: Build asset version error: assets/ui/autouiscaler.cs in SourceAssetDB has modification time of '2025-11-29T07:16:09.2117933Z' while content on disk has modification time of '2025-11-29T07:16:18.1356131Z'
Number of updated asset objects reloaded before import = 0Number of asset objects unloaded after import = 0

========================================================================
Received Import Request.
  Time since last request: 0.000025 seconds.
  path: Assets/UI/AutoUIScaler.cs
  artifactKey: Guid(cbfedf99867aecd478b42f231f309adf) Importer(815301076,1909f56bfc062723c751e8b465ee728b)
Start importing Assets/UI/AutoUIScaler.cs using Guid(cbfedf99867aecd478b42f231f309adf) Importer(815301076,1909f56bfc062723c751e8b465ee728b) (PreviewImporter) -> (artifact id: '00000000000000000000000000000000') in 0.0006826 seconds
Import Error Code:(4)
Message: Build asset version error: assets/ui/autouiscaler.cs in SourceAssetDB has modification time of '2025-11-29T07:16:09.2117933Z' while content on disk has modification time of '2025-11-29T07:16:18.1356131Z'
  ERROR: Build asset version error: assets/ui/autouiscaler.cs in SourceAssetDB has modification time of '2025-11-29T07:16:09.2117933Z' while content on disk has modification time of '2025-11-29T07:16:18.1356131Z'
Number of updated asset objects reloaded before import = 0Number of asset objects unloaded after import = 0

========================================================================
Received Import Request.
  Time since last request: 0.000020 seconds.
  path: Assets/UI/AutoUIScaler.cs
  artifactKey: Guid(cbfedf99867aecd478b42f231f309adf) Importer(815301076,1909f56bfc062723c751e8b465ee728b)
Start importing Assets/UI/AutoUIScaler.cs using Guid(cbfedf99867aecd478b42f231f309adf) Importer(815301076,1909f56bfc062723c751e8b465ee728b) (PreviewImporter) -> (artifact id: '00000000000000000000000000000000') in 0.0006055 seconds
Import Error Code:(4)
Message: Build asset version error: assets/ui/autouiscaler.cs in SourceAssetDB has modification time of '2025-11-29T07:16:09.2117933Z' while content on disk has modification time of '2025-11-29T07:16:18.1356131Z'
  ERROR: Build asset version error: assets/ui/autouiscaler.cs in SourceAssetDB has modification time of '2025-11-29T07:16:09.2117933Z' while content on disk has modification time of '2025-11-29T07:16:18.1356131Z'
Number of updated asset objects reloaded before import = 0Number of asset objects unloaded after import = 0

========================================================================
Received Import Request.
  Time since last request: 0.000017 seconds.
  path: Assets/UI/AutoUIScaler.cs
  artifactKey: Guid(cbfedf99867aecd478b42f231f309adf) Importer(815301076,1909f56bfc062723c751e8b465ee728b)
Start importing Assets/UI/AutoUIScaler.cs using Guid(cbfedf99867aecd478b42f231f309adf) Importer(815301076,1909f56bfc062723c751e8b465ee728b) (PreviewImporter) -> (artifact id: '85c66e2fbd201d21b398657f37aa87fc') in 0.0006284 seconds
Number of updated asset objects reloaded before import = 0Number of asset objects unloaded after import = 0

========================================================================
Received Prepare
Begin MonoManager ReloadAssembly
- Loaded All Assemblies, in  1.974 seconds
Refreshing native plugins compatible for Editor in 18.67 ms, found 6 plugins.
Missing types referenced from component UniversalRenderPipelineGlobalSettings on game object UniversalRenderPipelineGlobalSettings:
	UnityEngine.Rendering.LightmapSamplingSettings, Unity.RenderPipelines.Core.Runtime (1 object)
	UnityEngine.Rendering.VrsRenderPipelineRuntimeResources, Unity.RenderPipelines.Core.Runtime (1 object)
Native extension for AppleTV target not found
Native extension for iOS target not found
Native extension for Android target not found
Native extension for WindowsStandalone target not found
[Package Manager] Failed to launch server process. Reason: Unity was launched with the -noUpm command-line argument
[Package Manager] Unable to send message (not connected to server process).
[Package Manager] Cannot connect to Unity Package Manager local server
System.Reflection.TargetInvocationException: Exception has been thrown by the target of an invocation. ---> System.NullReferenceException: Object reference not set to an instance of an object
  at Unity.XR.Oculus.OculusLoader.AssetPathToAbsolutePath (System.String assetPath) [0x00041] in .\Library\PackageCache\com.unity.xr.oculus@44578ba4bd45\Runtime\OculusLoader.cs:312 
  at Unity.XR.Oculus.OculusLoader.EditorLoadOVRPlugin () [0x000dd] in .\Library\PackageCache\com.unity.xr.oculus@44578ba4bd45\Runtime\OculusLoader.cs:297 
  at (wrapper managed-to-native) System.Reflection.RuntimeMethodInfo.InternalInvoke(System.Reflection.RuntimeMethodInfo,object,object[],System.Exception&)
  at System.Reflection.RuntimeMethodInfo.Invoke (System.Object obj, System.Reflection.BindingFlags invokeAttr, System.Reflection.Binder binder, System.Object[] parameters, System.Globalization.CultureInfo culture) [0x0006a] in <73ac12a12f9a4ebca156b41ddce95fbe>:0 
   --- End of inner exception stack trace ---
  at System.Reflection.RuntimeMethodInfo.Invoke (System.Object obj, System.Reflection.BindingFlags invokeAttr, System.Reflection.Binder binder, System.Object[] parameters, System.Globalization.CultureInfo culture) [0x00083] in <73ac12a12f9a4ebca156b41ddce95fbe>:0 
  at System.Reflection.MethodBase.Invoke (System.Object obj, System.Object[] parameters) [0x00000] in <73ac12a12f9a4ebca156b41ddce95fbe>:0 
  at UnityEditor.EditorAssemblies.ProcessInitializeOnLoadMethodAttributes () [0x00056] in <cd9b23508c04492a9e7051cbb9076578>:0 
UnityEngine.Debug:ExtractStackTraceNoAlloc (byte*,int,string)
UnityEngine.StackTraceUtility:ExtractStackTrace ()
UnityEngine.DebugLogHandler:Internal_Log (UnityEngine.LogType,UnityEngine.LogOption,string,UnityEngine.Object)
UnityEngine.DebugLogHandler:LogFormat (UnityEngine.LogType,UnityEngine.Object,string,object[])
UnityEngine.Logger:Log (UnityEngine.LogType,object)
UnityEngine.Debug:LogError (object)
UnityEditor.EditorAssemblies:ProcessInitializeOnLoadMethodAttributes ()

Mono: successfully reloaded assembly
[Package Manager] Failed to launch server process. Reason: Unity was launched with the -noUpm command-line argument
[Package Manager] Unable to send message (not connected to server process).
[Package Manager] Cannot connect to Unity Package Manager local server
- Finished resetting the current domain, in  1.860 seconds
Domain Reload Profiling: 3783ms
	BeginReloadAssembly (505ms)
		ExecutionOrderSort (0ms)
		DisableScriptedObjects (12ms)
		BackupInstance (0ms)
		ReleaseScriptingObjects (0ms)
		CreateAndSetChildDomain (86ms)
	RebuildCommonClasses (66ms)
	RebuildNativeTypeToScriptingClass (28ms)
	initialDomainReloadingComplete (90ms)
	LoadAllAssembliesAndSetupDomain (1232ms)
		LoadAssemblies (1162ms)
		RebuildTransferFunctionScriptingTraits (0ms)
		AnalyzeDomain (345ms)
			TypeCache.Refresh (15ms)
				TypeCache.ScanAssembly (1ms)
			BuildScriptInfoCaches (307ms)
			ResolveRequiredComponents (17ms)
	FinalizeReload (1860ms)
		ReleaseScriptCaches (0ms)
		RebuildScriptCaches (0ms)
		SetupLoadedEditorAssemblies (1524ms)
			LogAssemblyErrors (0ms)
			InitializePlatformSupportModulesInManaged (44ms)
			SetLoadedEditorAssemblies (9ms)
			BeforeProcessingInitializeOnLoad (446ms)
			ProcessInitializeOnLoadAttributes (831ms)
			ProcessInitializeOnLoadMethodAttributes (159ms)
			AfterProcessingInitializeOnLoad (35ms)
			EditorAssembliesLoaded (1ms)
		ExecutionOrderSort2 (0ms)
		AwakeInstancesAfterBackupRestoration (32ms)
WARNING: Shader Unsupported: 'Hidden/Simulation/URP/Synthetic' - All subshaders removed
WARNING: Shader Did you use #pragma only_renderers and omit this platform?
WARNING: Shader If subshaders removal was intentional, you may have forgotten turning Fallback off?
WARNING: Shader Unsupported: 'Hidden/Simulation/URP/Synthetic' - All subshaders removed
WARNING: Shader Did you use #pragma only_renderers and omit this platform?
WARNING: Shader If subshaders removal was intentional, you may have forgotten turning Fallback off?
WARNING: Shader Unsupported: 'Hidden/Simulation/Synthetic Lit' - All subshaders removed
WARNING: Shader Did you use #pragma only_renderers and omit this platform?
WARNING: Shader If subshaders removal was intentional, you may have forgotten turning Fallback off?
WARNING: Shader Unsupported: 'Hidden/Simulation/Synthetic Lit' - All subshaders removed
WARNING: Shader Did you use #pragma only_renderers and omit this platform?
WARNING: Shader If subshaders removal was intentional, you may have forgotten turning Fallback off?
WARNING: Shader Unsupported: 'Simulation/Standard Lit' - All subshaders removed
WARNING: Shader Did you use #pragma only_renderers and omit this platform?
WARNING: Shader If subshaders removal was intentional, you may have forgotten turning Fallback off?
WARNING: Shader Unsupported: 'Simulation/Standard Lit' - All subshaders removed
WARNING: Shader Did you use #pragma only_renderers and omit this platform?
WARNING: Shader If subshaders removal was intentional, you may have forgotten turning Fallback off?
WARNING: Shader Unsupported: 'Simulation/URP/Room X-Ray' - All subshaders removed
WARNING: Shader Did you use #pragma only_renderers and omit this platform?
WARNING: Shader If subshaders removal was intentional, you may have forgotten turning Fallback off?
WARNING: Shader Unsupported: 'Simulation/URP/Room X-Ray' - All subshaders removed
WARNING: Shader Did you use #pragma only_renderers and omit this platform?
WARNING: Shader If subshaders removal was intentional, you may have forgotten turning Fallback off?
WARNING: Shader Unsupported: 'Simulation/Room X-Ray' - All subshaders removed
WARNING: Shader Did you use #pragma only_renderers and omit this platform?
WARNING: Shader If subshaders removal was intentional, you may have forgotten turning Fallback off?
WARNING: Shader Unsupported: 'Simulation/Room X-Ray' - All subshaders removed
WARNING: Shader Did you use #pragma only_renderers and omit this platform?
WARNING: Shader If subshaders removal was intentional, you may have forgotten turning Fallback off?
WARNING: Shader Unsupported: 'Simulation/URP/Lit' - All subshaders removed
WARNING: Shader Did you use #pragma only_renderers and omit this platform?
WARNING: Shader If subshaders removal was intentional, you may have forgotten turning Fallback off?
WARNING: Shader Unsupported: 'Simulation/URP/Lit' - All subshaders removed
WARNING: Shader Did you use #pragma only_renderers and omit this platform?
WARNING: Shader If subshaders removal was intentional, you may have forgotten turning Fallback off?
Refreshing native plugins compatible for Editor in 14.12 ms, found 6 plugins.
Preloading 1 native plugins for Editor in 0.22 ms.
Unloading 55 Unused Serialized files (Serialized files now loaded: 0)
Unloading 6424 unused Assets / (14.0 MB). Loaded Objects now: 7099.
Memory consumption went from 184.2 MB to 170.2 MB.
Total: 21.262800 ms (FindLiveObjects: 0.967700 ms CreateObjectMapping: 1.233900 ms MarkObjects: 10.550700 ms  DeleteObjects: 8.508900 ms)

Prepare: number of updated asset objects reloaded= 0
========================================================================
Received Prepare
[Licensing::Client] Successfully resolved entitlement details
Begin MonoManager ReloadAssembly
[Licensing::Client] Successfully resolved entitlement details
- Loaded All Assemblies, in  1.330 seconds
Refreshing native plugins compatible for Editor in 11.79 ms, found 6 plugins.
Missing types referenced from component UniversalRenderPipelineGlobalSettings on game object UniversalRenderPipelineGlobalSettings:
	UnityEngine.Rendering.LightmapSamplingSettings, Unity.RenderPipelines.Core.Runtime (1 object)
	UnityEngine.Rendering.VrsRenderPipelineRuntimeResources, Unity.RenderPipelines.Core.Runtime (1 object)
Native extension for AppleTV target not found
Native extension for iOS target not found
Native extension for Android target not found
Native extension for WindowsStandalone target not found
[Package Manager] Failed to launch server process. Reason: Unity was launched with the -noUpm command-line argument
[Package Manager] Unable to send message (not connected to server process).
[Package Manager] Cannot connect to Unity Package Manager local server
System.Reflection.TargetInvocationException: Exception has been thrown by the target of an invocation. ---> System.NullReferenceException: Object reference not set to an instance of an object
  at Unity.XR.Oculus.OculusLoader.AssetPathToAbsolutePath (System.String assetPath) [0x00041] in .\Library\PackageCache\com.unity.xr.oculus@44578ba4bd45\Runtime\OculusLoader.cs:312 
  at Unity.XR.Oculus.OculusLoader.EditorLoadOVRPlugin () [0x000dd] in .\Library\PackageCache\com.unity.xr.oculus@44578ba4bd45\Runtime\OculusLoader.cs:297 
  at (wrapper managed-to-native) System.Reflection.RuntimeMethodInfo.InternalInvoke(System.Reflection.RuntimeMethodInfo,object,object[],System.Exception&)
  at System.Reflection.RuntimeMethodInfo.Invoke (System.Object obj, System.Reflection.BindingFlags invokeAttr, System.Reflection.Binder binder, System.Object[] parameters, System.Globalization.CultureInfo culture) [0x0006a] in <73ac12a12f9a4ebca156b41ddce95fbe>:0 
   --- End of inner exception stack trace ---
  at System.Reflection.RuntimeMethodInfo.Invoke (System.Object obj, System.Reflection.BindingFlags invokeAttr, System.Reflection.Binder binder, System.Object[] parameters, System.Globalization.CultureInfo culture) [0x00083] in <73ac12a12f9a4ebca156b41ddce95fbe>:0 
  at System.Reflection.MethodBase.Invoke (System.Object obj, System.Object[] parameters) [0x00000] in <73ac12a12f9a4ebca156b41ddce95fbe>:0 
  at UnityEditor.EditorAssemblies.ProcessInitializeOnLoadMethodAttributes () [0x00056] in <cd9b23508c04492a9e7051cbb9076578>:0 
UnityEngine.Debug:ExtractStackTraceNoAlloc (byte*,int,string)
UnityEngine.StackTraceUtility:ExtractStackTrace ()
UnityEngine.DebugLogHandler:Internal_Log (UnityEngine.LogType,UnityEngine.LogOption,string,UnityEngine.Object)
UnityEngine.DebugLogHandler:LogFormat (UnityEngine.LogType,UnityEngine.Object,string,object[])
UnityEngine.Logger:Log (UnityEngine.LogType,object)
UnityEngine.Debug:LogError (object)
UnityEditor.EditorAssemblies:ProcessInitializeOnLoadMethodAttributes ()

Mono: successfully reloaded assembly
[Package Manager] Failed to launch server process. Reason: Unity was launched with the -noUpm command-line argument
[Package Manager] Unable to send message (not connected to server process).
[Package Manager] Cannot connect to Unity Package Manager local server
- Finished resetting the current domain, in  1.339 seconds
Domain Reload Profiling: 2635ms
	BeginReloadAssembly (324ms)
		ExecutionOrderSort (0ms)
		DisableScriptedObjects (6ms)
		BackupInstance (0ms)
		ReleaseScriptingObjects (0ms)
		CreateAndSetChildDomain (67ms)
	RebuildCommonClasses (43ms)
	RebuildNativeTypeToScriptingClass (12ms)
	initialDomainReloadingComplete (61ms)
	LoadAllAssembliesAndSetupDomain (855ms)
		LoadAssemblies (767ms)
		RebuildTransferFunctionScriptingTraits (0ms)
		AnalyzeDomain (239ms)
			TypeCache.Refresh (6ms)
				TypeCache.ScanAssembly (0ms)
			BuildScriptInfoCaches (215ms)
			ResolveRequiredComponents (14ms)
	FinalizeReload (1339ms)
		ReleaseScriptCaches (0ms)
		RebuildScriptCaches (0ms)
		SetupLoadedEditorAssemblies (1104ms)
			LogAssemblyErrors (0ms)
			InitializePlatformSupportModulesInManaged (27ms)
			SetLoadedEditorAssemblies (5ms)
			BeforeProcessingInitializeOnLoad (264ms)
			ProcessInitializeOnLoadAttributes (659ms)
			ProcessInitializeOnLoadMethodAttributes (124ms)
			AfterProcessingInitializeOnLoad (25ms)
			EditorAssembliesLoaded (0ms)
		ExecutionOrderSort2 (0ms)
		AwakeInstancesAfterBackupRestoration (27ms)
WARNING: Shader Unsupported: 'Hidden/Simulation/URP/Synthetic' - All subshaders removed
WARNING: Shader Did you use #pragma only_renderers and omit this platform?
WARNING: Shader If subshaders removal was intentional, you may have forgotten turning Fallback off?
WARNING: Shader Unsupported: 'Hidden/Simulation/URP/Synthetic' - All subshaders removed
WARNING: Shader Did you use #pragma only_renderers and omit this platform?
WARNING: Shader If subshaders removal was intentional, you may have forgotten turning Fallback off?
WARNING: Shader Unsupported: 'Hidden/Simulation/Synthetic Lit' - All subshaders removed
WARNING: Shader Did you use #pragma only_renderers and omit this platform?
WARNING: Shader If subshaders removal was intentional, you may have forgotten turning Fallback off?
WARNING: Shader Unsupported: 'Hidden/Simulation/Synthetic Lit' - All subshaders removed
WARNING: Shader Did you use #pragma only_renderers and omit this platform?
WARNING: Shader If subshaders removal was intentional, you may have forgotten turning Fallback off?
WARNING: Shader Unsupported: 'Simulation/Standard Lit' - All subshaders removed
WARNING: Shader Did you use #pragma only_renderers and omit this platform?
WARNING: Shader If subshaders removal was intentional, you may have forgotten turning Fallback off?
WARNING: Shader Unsupported: 'Simulation/Standard Lit' - All subshaders removed
WARNING: Shader Did you use #pragma only_renderers and omit this platform?
WARNING: Shader If subshaders removal was intentional, you may have forgotten turning Fallback off?
WARNING: Shader Unsupported: 'Simulation/URP/Room X-Ray' - All subshaders removed
WARNING: Shader Did you use #pragma only_renderers and omit this platform?
WARNING: Shader If subshaders removal was intentional, you may have forgotten turning Fallback off?
WARNING: Shader Unsupported: 'Simulation/URP/Room X-Ray' - All subshaders removed
WARNING: Shader Did you use #pragma only_renderers and omit this platform?
WARNING: Shader If subshaders removal was intentional, you may have forgotten turning Fallback off?
WARNING: Shader Unsupported: 'Simulation/Room X-Ray' - All subshaders removed
WARNING: Shader Did you use #pragma only_renderers and omit this platform?
WARNING: Shader If subshaders removal was intentional, you may have forgotten turning Fallback off?
WARNING: Shader Unsupported: 'Simulation/Room X-Ray' - All subshaders removed
WARNING: Shader Did you use #pragma only_renderers and omit this platform?
WARNING: Shader If subshaders removal was intentional, you may have forgotten turning Fallback off?
WARNING: Shader Unsupported: 'Simulation/URP/Lit' - All subshaders removed
WARNING: Shader Did you use #pragma only_renderers and omit this platform?
WARNING: Shader If subshaders removal was intentional, you may have forgotten turning Fallback off?
WARNING: Shader Unsupported: 'Simulation/URP/Lit' - All subshaders removed
WARNING: Shader Did you use #pragma only_renderers and omit this platform?
WARNING: Shader If subshaders removal was intentional, you may have forgotten turning Fallback off?
Refreshing native plugins compatible for Editor in 12.18 ms, found 6 plugins.
Preloading 1 native plugins for Editor in 0.15 ms.
Unloading 55 Unused Serialized files (Serialized files now loaded: 0)
Unloading 6424 unused Assets / (14.2 MB). Loaded Objects now: 7102.
Memory consumption went from 184.5 MB to 170.2 MB.
Total: 21.037000 ms (FindLiveObjects: 0.763800 ms CreateObjectMapping: 0.707700 ms MarkObjects: 9.142100 ms  DeleteObjects: 10.421600 ms)

Prepare: number of updated asset objects reloaded= 0
========================================================================
Received Prepare
Begin MonoManager ReloadAssembly
- Loaded All Assemblies, in  1.222 seconds
Refreshing native plugins compatible for Editor in 11.82 ms, found 6 plugins.
Missing types referenced from component UniversalRenderPipelineGlobalSettings on game object UniversalRenderPipelineGlobalSettings:
	UnityEngine.Rendering.LightmapSamplingSettings, Unity.RenderPipelines.Core.Runtime (1 object)
	UnityEngine.Rendering.VrsRenderPipelineRuntimeResources, Unity.RenderPipelines.Core.Runtime (1 object)
Native extension for AppleTV target not found
Native extension for iOS target not found
Native extension for Android target not found
Native extension for WindowsStandalone target not found
[Package Manager] Failed to launch server process. Reason: Unity was launched with the -noUpm command-line argument
[Package Manager] Unable to send message (not connected to server process).
[Package Manager] Cannot connect to Unity Package Manager local server
System.Reflection.TargetInvocationException: Exception has been thrown by the target of an invocation. ---> System.NullReferenceException: Object reference not set to an instance of an object
  at Unity.XR.Oculus.OculusLoader.AssetPathToAbsolutePath (System.String assetPath) [0x00041] in .\Library\PackageCache\com.unity.xr.oculus@44578ba4bd45\Runtime\OculusLoader.cs:312 
  at Unity.XR.Oculus.OculusLoader.EditorLoadOVRPlugin () [0x000dd] in .\Library\PackageCache\com.unity.xr.oculus@44578ba4bd45\Runtime\OculusLoader.cs:297 
  at (wrapper managed-to-native) System.Reflection.RuntimeMethodInfo.InternalInvoke(System.Reflection.RuntimeMethodInfo,object,object[],System.Exception&)
  at System.Reflection.RuntimeMethodInfo.Invoke (System.Object obj, System.Reflection.BindingFlags invokeAttr, System.Reflection.Binder binder, System.Object[] parameters, System.Globalization.CultureInfo culture) [0x0006a] in <73ac12a12f9a4ebca156b41ddce95fbe>:0 
   --- End of inner exception stack trace ---
  at System.Reflection.RuntimeMethodInfo.Invoke (System.Object obj, System.Reflection.BindingFlags invokeAttr, System.Reflection.Binder binder, System.Object[] parameters, System.Globalization.CultureInfo culture) [0x00083] in <73ac12a12f9a4ebca156b41ddce95fbe>:0 
  at System.Reflection.MethodBase.Invoke (System.Object obj, System.Object[] parameters) [0x00000] in <73ac12a12f9a4ebca156b41ddce95fbe>:0 
  at UnityEditor.EditorAssemblies.ProcessInitializeOnLoadMethodAttributes () [0x00056] in <cd9b23508c04492a9e7051cbb9076578>:0 
UnityEngine.Debug:ExtractStackTraceNoAlloc (byte*,int,string)
UnityEngine.StackTraceUtility:ExtractStackTrace ()
UnityEngine.DebugLogHandler:Internal_Log (UnityEngine.LogType,UnityEngine.LogOption,string,UnityEngine.Object)
UnityEngine.DebugLogHandler:LogFormat (UnityEngine.LogType,UnityEngine.Object,string,object[])
UnityEngine.Logger:Log (UnityEngine.LogType,object)
UnityEngine.Debug:LogError (object)
UnityEditor.EditorAssemblies:ProcessInitializeOnLoadMethodAttributes ()

[Licensing::Client] Successfully resolved entitlement details
Mono: successfully reloaded assembly
[Package Manager] Failed to launch server process. Reason: Unity was launched with the -noUpm command-line argument
[Package Manager] Unable to send message (not connected to server process).
[Package Manager] Cannot connect to Unity Package Manager local server
- Finished resetting the current domain, in  1.277 seconds
Domain Reload Profiling: 2469ms
	BeginReloadAssembly (292ms)
		ExecutionOrderSort (0ms)
		DisableScriptedObjects (6ms)
		BackupInstance (0ms)
		ReleaseScriptingObjects (0ms)
		CreateAndSetChildDomain (57ms)
	RebuildCommonClasses (43ms)
	RebuildNativeTypeToScriptingClass (11ms)
	initialDomainReloadingComplete (50ms)
	LoadAllAssembliesAndSetupDomain (795ms)
		LoadAssemblies (724ms)
		RebuildTransferFunctionScriptingTraits (0ms)
		AnalyzeDomain (219ms)
			TypeCache.Refresh (7ms)
				TypeCache.ScanAssembly (0ms)
			BuildScriptInfoCaches (197ms)
			ResolveRequiredComponents (11ms)
	FinalizeReload (1277ms)
		ReleaseScriptCaches (0ms)
		RebuildScriptCaches (0ms)
		SetupLoadedEditorAssemblies (1065ms)
			LogAssemblyErrors (0ms)
			InitializePlatformSupportModulesInManaged (25ms)
			SetLoadedEditorAssemblies (6ms)
			BeforeProcessingInitializeOnLoad (275ms)
			ProcessInitializeOnLoadAttributes (609ms)
			ProcessInitializeOnLoadMethodAttributes (123ms)
			AfterProcessingInitializeOnLoad (26ms)
			EditorAssembliesLoaded (1ms)
		ExecutionOrderSort2 (0ms)
		AwakeInstancesAfterBackupRestoration (24ms)
WARNING: Shader Unsupported: 'Hidden/Simulation/URP/Synthetic' - All subshaders removed
WARNING: Shader Did you use #pragma only_renderers and omit this platform?
WARNING: Shader If subshaders removal was intentional, you may have forgotten turning Fallback off?
WARNING: Shader Unsupported: 'Hidden/Simulation/URP/Synthetic' - All subshaders removed
WARNING: Shader Did you use #pragma only_renderers and omit this platform?
WARNING: Shader If subshaders removal was intentional, you may have forgotten turning Fallback off?
WARNING: Shader Unsupported: 'Hidden/Simulation/Synthetic Lit' - All subshaders removed
WARNING: Shader Did you use #pragma only_renderers and omit this platform?
WARNING: Shader If subshaders removal was intentional, you may have forgotten turning Fallback off?
WARNING: Shader Unsupported: 'Hidden/Simulation/Synthetic Lit' - All subshaders removed
WARNING: Shader Did you use #pragma only_renderers and omit this platform?
WARNING: Shader If subshaders removal was intentional, you may have forgotten turning Fallback off?
WARNING: Shader Unsupported: 'Simulation/Standard Lit' - All subshaders removed
WARNING: Shader Did you use #pragma only_renderers and omit this platform?
WARNING: Shader If subshaders removal was intentional, you may have forgotten turning Fallback off?
WARNING: Shader Unsupported: 'Simulation/Standard Lit' - All subshaders removed
WARNING: Shader Did you use #pragma only_renderers and omit this platform?
WARNING: Shader If subshaders removal was intentional, you may have forgotten turning Fallback off?
WARNING: Shader Unsupported: 'Simulation/URP/Room X-Ray' - All subshaders removed
WARNING: Shader Did you use #pragma only_renderers and omit this platform?
WARNING: Shader If subshaders removal was intentional, you may have forgotten turning Fallback off?
WARNING: Shader Unsupported: 'Simulation/URP/Room X-Ray' - All subshaders removed
WARNING: Shader Did you use #pragma only_renderers and omit this platform?
WARNING: Shader If subshaders removal was intentional, you may have forgotten turning Fallback off?
WARNING: Shader Unsupported: 'Simulation/Room X-Ray' - All subshaders removed
WARNING: Shader Did you use #pragma only_renderers and omit this platform?
WARNING: Shader If subshaders removal was intentional, you may have forgotten turning Fallback off?
WARNING: Shader Unsupported: 'Simulation/Room X-Ray' - All subshaders removed
WARNING: Shader Did you use #pragma only_renderers and omit this platform?
WARNING: Shader If subshaders removal was intentional, you may have forgotten turning Fallback off?
WARNING: Shader Unsupported: 'Simulation/URP/Lit' - All subshaders removed
WARNING: Shader Did you use #pragma only_renderers and omit this platform?
WARNING: Shader If subshaders removal was intentional, you may have forgotten turning Fallback off?
WARNING: Shader Unsupported: 'Simulation/URP/Lit' - All subshaders removed
WARNING: Shader Did you use #pragma only_renderers and omit this platform?
WARNING: Shader If subshaders removal was intentional, you may have forgotten turning Fallback off?
Refreshing native plugins compatible for Editor in 10.55 ms, found 6 plugins.
Preloading 1 native plugins for Editor in 0.14 ms.
Unloading 55 Unused Serialized files (Serialized files now loaded: 0)
Unloading 6424 unused Assets / (14.0 MB). Loaded Objects now: 7105.
Memory consumption went from 184.3 MB to 170.2 MB.
Total: 16.406700 ms (FindLiveObjects: 0.969100 ms CreateObjectMapping: 0.621500 ms MarkObjects: 6.322100 ms  DeleteObjects: 8.493100 ms)

Prepare: number of updated asset objects reloaded= 0
========================================================================
Received Prepare
Begin MonoManager ReloadAssembly
[Licensing::Client] Successfully resolved entitlement details
- Loaded All Assemblies, in  1.203 seconds
Refreshing native plugins compatible for Editor in 13.16 ms, found 6 plugins.
Missing types referenced from component UniversalRenderPipelineGlobalSettings on game object UniversalRenderPipelineGlobalSettings:
	UnityEngine.Rendering.LightmapSamplingSettings, Unity.RenderPipelines.Core.Runtime (1 object)
	UnityEngine.Rendering.VrsRenderPipelineRuntimeResources, Unity.RenderPipelines.Core.Runtime (1 object)
Native extension for AppleTV target not found
Native extension for iOS target not found
Native extension for Android target not found
Native extension for WindowsStandalone target not found
[Package Manager] Failed to launch server process. Reason: Unity was launched with the -noUpm command-line argument
[Package Manager] Unable to send message (not connected to server process).
[Package Manager] Cannot connect to Unity Package Manager local server
System.Reflection.TargetInvocationException: Exception has been thrown by the target of an invocation. ---> System.NullReferenceException: Object reference not set to an instance of an object
  at Unity.XR.Oculus.OculusLoader.AssetPathToAbsolutePath (System.String assetPath) [0x00041] in .\Library\PackageCache\com.unity.xr.oculus@44578ba4bd45\Runtime\OculusLoader.cs:312 
  at Unity.XR.Oculus.OculusLoader.EditorLoadOVRPlugin () [0x000dd] in .\Library\PackageCache\com.unity.xr.oculus@44578ba4bd45\Runtime\OculusLoader.cs:297 
  at (wrapper managed-to-native) System.Reflection.RuntimeMethodInfo.InternalInvoke(System.Reflection.RuntimeMethodInfo,object,object[],System.Exception&)
  at System.Reflection.RuntimeMethodInfo.Invoke (System.Object obj, System.Reflection.BindingFlags invokeAttr, System.Reflection.Binder binder, System.Object[] parameters, System.Globalization.CultureInfo culture) [0x0006a] in <73ac12a12f9a4ebca156b41ddce95fbe>:0 
   --- End of inner exception stack trace ---
  at System.Reflection.RuntimeMethodInfo.Invoke (System.Object obj, System.Reflection.BindingFlags invokeAttr, System.Reflection.Binder binder, System.Object[] parameters, System.Globalization.CultureInfo culture) [0x00083] in <73ac12a12f9a4ebca156b41ddce95fbe>:0 
  at System.Reflection.MethodBase.Invoke (System.Object obj, System.Object[] parameters) [0x00000] in <73ac12a12f9a4ebca156b41ddce95fbe>:0 
  at UnityEditor.EditorAssemblies.ProcessInitializeOnLoadMethodAttributes () [0x00056] in <cd9b23508c04492a9e7051cbb9076578>:0 
UnityEngine.Debug:ExtractStackTraceNoAlloc (byte*,int,string)
UnityEngine.StackTraceUtility:ExtractStackTrace ()
UnityEngine.DebugLogHandler:Internal_Log (UnityEngine.LogType,UnityEngine.LogOption,string,UnityEngine.Object)
UnityEngine.DebugLogHandler:LogFormat (UnityEngine.LogType,UnityEngine.Object,string,object[])
UnityEngine.Logger:Log (UnityEngine.LogType,object)
UnityEngine.Debug:LogError (object)
UnityEditor.EditorAssemblies:ProcessInitializeOnLoadMethodAttributes ()

Mono: successfully reloaded assembly
[Package Manager] Failed to launch server process. Reason: Unity was launched with the -noUpm command-line argument
[Package Manager] Unable to send message (not connected to server process).
[Package Manager] Cannot connect to Unity Package Manager local server
- Finished resetting the current domain, in  1.352 seconds
Domain Reload Profiling: 2524ms
	BeginReloadAssembly (304ms)
		ExecutionOrderSort (0ms)
		DisableScriptedObjects (6ms)
		BackupInstance (0ms)
		ReleaseScriptingObjects (0ms)
		CreateAndSetChildDomain (62ms)
	RebuildCommonClasses (36ms)
	RebuildNativeTypeToScriptingClass (13ms)
	initialDomainReloadingComplete (47ms)
	LoadAllAssembliesAndSetupDomain (771ms)
		LoadAssemblies (706ms)
		RebuildTransferFunctionScriptingTraits (0ms)
		AnalyzeDomain (213ms)
			TypeCache.Refresh (6ms)
				TypeCache.ScanAssembly (0ms)
			BuildScriptInfoCaches (190ms)
			ResolveRequiredComponents (14ms)
	FinalizeReload (1353ms)
		ReleaseScriptCaches (0ms)
		RebuildScriptCaches (0ms)
		SetupLoadedEditorAssemblies (1115ms)
			LogAssemblyErrors (0ms)
			InitializePlatformSupportModulesInManaged (29ms)
			SetLoadedEditorAssemblies (6ms)
			BeforeProcessingInitializeOnLoad (291ms)
			ProcessInitializeOnLoadAttributes (648ms)
			ProcessInitializeOnLoadMethodAttributes (121ms)
			AfterProcessingInitializeOnLoad (19ms)
			EditorAssembliesLoaded (1ms)
		ExecutionOrderSort2 (0ms)
		AwakeInstancesAfterBackupRestoration (22ms)
WARNING: Shader Unsupported: 'Hidden/Simulation/URP/Synthetic' - All subshaders removed
WARNING: Shader Did you use #pragma only_renderers and omit this platform?
WARNING: Shader If subshaders removal was intentional, you may have forgotten turning Fallback off?
WARNING: Shader Unsupported: 'Hidden/Simulation/URP/Synthetic' - All subshaders removed
WARNING: Shader Did you use #pragma only_renderers and omit this platform?
WARNING: Shader If subshaders removal was intentional, you may have forgotten turning Fallback off?
WARNING: Shader Unsupported: 'Hidden/Simulation/Synthetic Lit' - All subshaders removed
WARNING: Shader Did you use #pragma only_renderers and omit this platform?
WARNING: Shader If subshaders removal was intentional, you may have forgotten turning Fallback off?
WARNING: Shader Unsupported: 'Hidden/Simulation/Synthetic Lit' - All subshaders removed
WARNING: Shader Did you use #pragma only_renderers and omit this platform?
WARNING: Shader If subshaders removal was intentional, you may have forgotten turning Fallback off?
WARNING: Shader Unsupported: 'Simulation/Standard Lit' - All subshaders removed
WARNING: Shader Did you use #pragma only_renderers and omit this platform?
WARNING: Shader If subshaders removal was intentional, you may have forgotten turning Fallback off?
WARNING: Shader Unsupported: 'Simulation/Standard Lit' - All subshaders removed
WARNING: Shader Did you use #pragma only_renderers and omit this platform?
WARNING: Shader If subshaders removal was intentional, you may have forgotten turning Fallback off?
WARNING: Shader Unsupported: 'Simulation/URP/Room X-Ray' - All subshaders removed
WARNING: Shader Did you use #pragma only_renderers and omit this platform?
WARNING: Shader If subshaders removal was intentional, you may have forgotten turning Fallback off?
WARNING: Shader Unsupported: 'Simulation/URP/Room X-Ray' - All subshaders removed
WARNING: Shader Did you use #pragma only_renderers and omit this platform?
WARNING: Shader If subshaders removal was intentional, you may have forgotten turning Fallback off?
WARNING: Shader Unsupported: 'Simulation/Room X-Ray' - All subshaders removed
WARNING: Shader Did you use #pragma only_renderers and omit this platform?
WARNING: Shader If subshaders removal was intentional, you may have forgotten turning Fallback off?
WARNING: Shader Unsupported: 'Simulation/Room X-Ray' - All subshaders removed
WARNING: Shader Did you use #pragma only_renderers and omit this platform?
WARNING: Shader If subshaders removal was intentional, you may have forgotten turning Fallback off?
WARNING: Shader Unsupported: 'Simulation/URP/Lit' - All subshaders removed
WARNING: Shader Did you use #pragma only_renderers and omit this platform?
WARNING: Shader If subshaders removal was intentional, you may have forgotten turning Fallback off?
WARNING: Shader Unsupported: 'Simulation/URP/Lit' - All subshaders removed
WARNING: Shader Did you use #pragma only_renderers and omit this platform?
WARNING: Shader If subshaders removal was intentional, you may have forgotten turning Fallback off?
Refreshing native plugins compatible for Editor in 10.03 ms, found 6 plugins.
Preloading 1 native plugins for Editor in 0.17 ms.
Unloading 55 Unused Serialized files (Serialized files now loaded: 0)
Unloading 6424 unused Assets / (14.1 MB). Loaded Objects now: 7108.
Memory consumption went from 184.3 MB to 170.2 MB.
Total: 16.570000 ms (FindLiveObjects: 0.626400 ms CreateObjectMapping: 0.739200 ms MarkObjects: 7.135400 ms  DeleteObjects: 8.067900 ms)

Prepare: number of updated asset objects reloaded= 0
========================================================================
Received Prepare
Begin MonoManager ReloadAssembly
- Loaded All Assemblies, in  1.209 seconds
Refreshing native plugins compatible for Editor in 11.42 ms, found 6 plugins.
Missing types referenced from component UniversalRenderPipelineGlobalSettings on game object UniversalRenderPipelineGlobalSettings:
	UnityEngine.Rendering.LightmapSamplingSettings, Unity.RenderPipelines.Core.Runtime (1 object)
	UnityEngine.Rendering.VrsRenderPipelineRuntimeResources, Unity.RenderPipelines.Core.Runtime (1 object)
Native extension for AppleTV target not found
Native extension for iOS target not found
Native extension for Android target not found
Native extension for WindowsStandalone target not found
[Package Manager] Failed to launch server process. Reason: Unity was launched with the -noUpm command-line argument
[Package Manager] Unable to send message (not connected to server process).
[Package Manager] Cannot connect to Unity Package Manager local server
System.Reflection.TargetInvocationException: Exception has been thrown by the target of an invocation. ---> System.NullReferenceException: Object reference not set to an instance of an object
  at Unity.XR.Oculus.OculusLoader.AssetPathToAbsolutePath (System.String assetPath) [0x00041] in .\Library\PackageCache\com.unity.xr.oculus@44578ba4bd45\Runtime\OculusLoader.cs:312 
  at Unity.XR.Oculus.OculusLoader.EditorLoadOVRPlugin () [0x000dd] in .\Library\PackageCache\com.unity.xr.oculus@44578ba4bd45\Runtime\OculusLoader.cs:297 
  at (wrapper managed-to-native) System.Reflection.RuntimeMethodInfo.InternalInvoke(System.Reflection.RuntimeMethodInfo,object,object[],System.Exception&)
  at System.Reflection.RuntimeMethodInfo.Invoke (System.Object obj, System.Reflection.BindingFlags invokeAttr, System.Reflection.Binder binder, System.Object[] parameters, System.Globalization.CultureInfo culture) [0x0006a] in <73ac12a12f9a4ebca156b41ddce95fbe>:0 
   --- End of inner exception stack trace ---
  at System.Reflection.RuntimeMethodInfo.Invoke (System.Object obj, System.Reflection.BindingFlags invokeAttr, System.Reflection.Binder binder, System.Object[] parameters, System.Globalization.CultureInfo culture) [0x00083] in <73ac12a12f9a4ebca156b41ddce95fbe>:0 
  at System.Reflection.MethodBase.Invoke (System.Object obj, System.Object[] parameters) [0x00000] in <73ac12a12f9a4ebca156b41ddce95fbe>:0 
  at UnityEditor.EditorAssemblies.ProcessInitializeOnLoadMethodAttributes () [0x00056] in <cd9b23508c04492a9e7051cbb9076578>:0 
UnityEngine.Debug:ExtractStackTraceNoAlloc (byte*,int,string)
UnityEngine.StackTraceUtility:ExtractStackTrace ()
UnityEngine.DebugLogHandler:Internal_Log (UnityEngine.LogType,UnityEngine.LogOption,string,UnityEngine.Object)
UnityEngine.DebugLogHandler:LogFormat (UnityEngine.LogType,UnityEngine.Object,string,object[])
UnityEngine.Logger:Log (UnityEngine.LogType,object)
UnityEngine.Debug:LogError (object)
UnityEditor.EditorAssemblies:ProcessInitializeOnLoadMethodAttributes ()

Mono: successfully reloaded assembly
[Package Manager] Failed to launch server process. Reason: Unity was launched with the -noUpm command-line argument
[Package Manager] Unable to send message (not connected to server process).
[Package Manager] Cannot connect to Unity Package Manager local server
- Finished resetting the current domain, in  1.283 seconds
Domain Reload Profiling: 2465ms
	BeginReloadAssembly (304ms)
		ExecutionOrderSort (0ms)
		DisableScriptedObjects (6ms)
		BackupInstance (0ms)
		ReleaseScriptingObjects (0ms)
		CreateAndSetChildDomain (59ms)
	RebuildCommonClasses (42ms)
	RebuildNativeTypeToScriptingClass (11ms)
	initialDomainReloadingComplete (46ms)
	LoadAllAssembliesAndSetupDomain (779ms)
		LoadAssemblies (708ms)
		RebuildTransferFunctionScriptingTraits (0ms)
		AnalyzeDomain (219ms)
			TypeCache.Refresh (8ms)
				TypeCache.ScanAssembly (0ms)
			BuildScriptInfoCaches (196ms)
			ResolveRequiredComponents (11ms)
	FinalizeReload (1284ms)
		ReleaseScriptCaches (0ms)
		RebuildScriptCaches (0ms)
		SetupLoadedEditorAssemblies (1065ms)
			LogAssemblyErrors (0ms)
			InitializePlatformSupportModulesInManaged (26ms)
			SetLoadedEditorAssemblies (4ms)
			BeforeProcessingInitializeOnLoad (269ms)
			ProcessInitializeOnLoadAttributes (607ms)
			ProcessInitializeOnLoadMethodAttributes (134ms)
			AfterProcessingInitializeOnLoad (23ms)
			EditorAssembliesLoaded (1ms)
		ExecutionOrderSort2 (0ms)
		AwakeInstancesAfterBackupRestoration (28ms)
WARNING: Shader Unsupported: 'Hidden/Simulation/URP/Synthetic' - All subshaders removed
WARNING: Shader Did you use #pragma only_renderers and omit this platform?
WARNING: Shader If subshaders removal was intentional, you may have forgotten turning Fallback off?
WARNING: Shader Unsupported: 'Hidden/Simulation/URP/Synthetic' - All subshaders removed
WARNING: Shader Did you use #pragma only_renderers and omit this platform?
WARNING: Shader If subshaders removal was intentional, you may have forgotten turning Fallback off?
WARNING: Shader Unsupported: 'Hidden/Simulation/Synthetic Lit' - All subshaders removed
WARNING: Shader Did you use #pragma only_renderers and omit this platform?
WARNING: Shader If subshaders removal was intentional, you may have forgotten turning Fallback off?
WARNING: Shader Unsupported: 'Hidden/Simulation/Synthetic Lit' - All subshaders removed
WARNING: Shader Did you use #pragma only_renderers and omit this platform?
WARNING: Shader If subshaders removal was intentional, you may have forgotten turning Fallback off?
WARNING: Shader Unsupported: 'Simulation/Standard Lit' - All subshaders removed
WARNING: Shader Did you use #pragma only_renderers and omit this platform?
WARNING: Shader If subshaders removal was intentional, you may have forgotten turning Fallback off?
WARNING: Shader Unsupported: 'Simulation/Standard Lit' - All subshaders removed
WARNING: Shader Did you use #pragma only_renderers and omit this platform?
WARNING: Shader If subshaders removal was intentional, you may have forgotten turning Fallback off?
WARNING: Shader Unsupported: 'Simulation/URP/Room X-Ray' - All subshaders removed
WARNING: Shader Did you use #pragma only_renderers and omit this platform?
WARNING: Shader If subshaders removal was intentional, you may have forgotten turning Fallback off?
WARNING: Shader Unsupported: 'Simulation/URP/Room X-Ray' - All subshaders removed
WARNING: Shader Did you use #pragma only_renderers and omit this platform?
WARNING: Shader If subshaders removal was intentional, you may have forgotten turning Fallback off?
WARNING: Shader Unsupported: 'Simulation/Room X-Ray' - All subshaders removed
WARNING: Shader Did you use #pragma only_renderers and omit this platform?
WARNING: Shader If subshaders removal was intentional, you may have forgotten turning Fallback off?
WARNING: Shader Unsupported: 'Simulation/Room X-Ray' - All subshaders removed
WARNING: Shader Did you use #pragma only_renderers and omit this platform?
WARNING: Shader If subshaders removal was intentional, you may have forgotten turning Fallback off?
WARNING: Shader Unsupported: 'Simulation/URP/Lit' - All subshaders removed
WARNING: Shader Did you use #pragma only_renderers and omit this platform?
WARNING: Shader If subshaders removal was intentional, you may have forgotten turning Fallback off?
WARNING: Shader Unsupported: 'Simulation/URP/Lit' - All subshaders removed
WARNING: Shader Did you use #pragma only_renderers and omit this platform?
WARNING: Shader If subshaders removal was intentional, you may have forgotten turning Fallback off?
Refreshing native plugins compatible for Editor in 11.18 ms, found 6 plugins.
Preloading 1 native plugins for Editor in 0.14 ms.
Unloading 55 Unused Serialized files (Serialized files now loaded: 0)
Unloading 6424 unused Assets / (13.9 MB). Loaded Objects now: 7111.
Memory consumption went from 184.3 MB to 170.4 MB.
Total: 15.326200 ms (FindLiveObjects: 0.679600 ms CreateObjectMapping: 0.496000 ms MarkObjects: 6.161400 ms  DeleteObjects: 7.988400 ms)

Prepare: number of updated asset objects reloaded= 0
========================================================================
Received Prepare
[Licensing::Client] Successfully resolved entitlement details
Begin MonoManager ReloadAssembly
[Licensing::Client] Successfully resolved entitlement details
- Loaded All Assemblies, in  1.204 seconds
Refreshing native plugins compatible for Editor in 10.40 ms, found 6 plugins.
Missing types referenced from component UniversalRenderPipelineGlobalSettings on game object UniversalRenderPipelineGlobalSettings:
	UnityEngine.Rendering.LightmapSamplingSettings, Unity.RenderPipelines.Core.Runtime (1 object)
	UnityEngine.Rendering.VrsRenderPipelineRuntimeResources, Unity.RenderPipelines.Core.Runtime (1 object)
Native extension for AppleTV target not found
Native extension for iOS target not found
Native extension for Android target not found
Native extension for WindowsStandalone target not found
[Package Manager] Failed to launch server process. Reason: Unity was launched with the -noUpm command-line argument
[Package Manager] Unable to send message (not connected to server process).
[Package Manager] Cannot connect to Unity Package Manager local server
System.Reflection.TargetInvocationException: Exception has been thrown by the target of an invocation. ---> System.NullReferenceException: Object reference not set to an instance of an object
  at Unity.XR.Oculus.OculusLoader.AssetPathToAbsolutePath (System.String assetPath) [0x00041] in .\Library\PackageCache\com.unity.xr.oculus@44578ba4bd45\Runtime\OculusLoader.cs:312 
  at Unity.XR.Oculus.OculusLoader.EditorLoadOVRPlugin () [0x000dd] in .\Library\PackageCache\com.unity.xr.oculus@44578ba4bd45\Runtime\OculusLoader.cs:297 
  at (wrapper managed-to-native) System.Reflection.RuntimeMethodInfo.InternalInvoke(System.Reflection.RuntimeMethodInfo,object,object[],System.Exception&)
  at System.Reflection.RuntimeMethodInfo.Invoke (System.Object obj, System.Reflection.BindingFlags invokeAttr, System.Reflection.Binder binder, System.Object[] parameters, System.Globalization.CultureInfo culture) [0x0006a] in <73ac12a12f9a4ebca156b41ddce95fbe>:0 
   --- End of inner exception stack trace ---
  at System.Reflection.RuntimeMethodInfo.Invoke (System.Object obj, System.Reflection.BindingFlags invokeAttr, System.Reflection.Binder binder, System.Object[] parameters, System.Globalization.CultureInfo culture) [0x00083] in <73ac12a12f9a4ebca156b41ddce95fbe>:0 
  at System.Reflection.MethodBase.Invoke (System.Object obj, System.Object[] parameters) [0x00000] in <73ac12a12f9a4ebca156b41ddce95fbe>:0 
  at UnityEditor.EditorAssemblies.ProcessInitializeOnLoadMethodAttributes () [0x00056] in <cd9b23508c04492a9e7051cbb9076578>:0 
UnityEngine.Debug:ExtractStackTraceNoAlloc (byte*,int,string)
UnityEngine.StackTraceUtility:ExtractStackTrace ()
UnityEngine.DebugLogHandler:Internal_Log (UnityEngine.LogType,UnityEngine.LogOption,string,UnityEngine.Object)
UnityEngine.DebugLogHandler:LogFormat (UnityEngine.LogType,UnityEngine.Object,string,object[])
UnityEngine.Logger:Log (UnityEngine.LogType,object)
UnityEngine.Debug:LogError (object)
UnityEditor.EditorAssemblies:ProcessInitializeOnLoadMethodAttributes ()

Mono: successfully reloaded assembly
[Package Manager] Failed to launch server process. Reason: Unity was launched with the -noUpm command-line argument
[Package Manager] Unable to send message (not connected to server process).
[Package Manager] Cannot connect to Unity Package Manager local server
- Finished resetting the current domain, in  1.249 seconds
Domain Reload Profiling: 2424ms
	BeginReloadAssembly (302ms)
		ExecutionOrderSort (0ms)
		DisableScriptedObjects (6ms)
		BackupInstance (0ms)
		ReleaseScriptingObjects (0ms)
		CreateAndSetChildDomain (56ms)
	RebuildCommonClasses (36ms)
	RebuildNativeTypeToScriptingClass (11ms)
	initialDomainReloadingComplete (53ms)
	LoadAllAssembliesAndSetupDomain (774ms)
		LoadAssemblies (705ms)
		RebuildTransferFunctionScriptingTraits (0ms)
		AnalyzeDomain (217ms)
			TypeCache.Refresh (7ms)
				TypeCache.ScanAssembly (0ms)
			BuildScriptInfoCaches (193ms)
			ResolveRequiredComponents (11ms)
	FinalizeReload (1249ms)
		ReleaseScriptCaches (0ms)
		RebuildScriptCaches (0ms)
		SetupLoadedEditorAssemblies (1032ms)
			LogAssemblyErrors (0ms)
			InitializePlatformSupportModulesInManaged (25ms)
			SetLoadedEditorAssemblies (5ms)
			BeforeProcessingInitializeOnLoad (267ms)
			ProcessInitializeOnLoadAttributes (586ms)
			ProcessInitializeOnLoadMethodAttributes (126ms)
			AfterProcessingInitializeOnLoad (23ms)
			EditorAssembliesLoaded (1ms)
		ExecutionOrderSort2 (0ms)
		AwakeInstancesAfterBackupRestoration (22ms)
WARNING: Shader Unsupported: 'Hidden/Simulation/URP/Synthetic' - All subshaders removed
WARNING: Shader Did you use #pragma only_renderers and omit this platform?
WARNING: Shader If subshaders removal was intentional, you may have forgotten turning Fallback off?
WARNING: Shader Unsupported: 'Hidden/Simulation/URP/Synthetic' - All subshaders removed
WARNING: Shader Did you use #pragma only_renderers and omit this platform?
WARNING: Shader If subshaders removal was intentional, you may have forgotten turning Fallback off?
WARNING: Shader Unsupported: 'Hidden/Simulation/Synthetic Lit' - All subshaders removed
WARNING: Shader Did you use #pragma only_renderers and omit this platform?
WARNING: Shader If subshaders removal was intentional, you may have forgotten turning Fallback off?
WARNING: Shader Unsupported: 'Hidden/Simulation/Synthetic Lit' - All subshaders removed
WARNING: Shader Did you use #pragma only_renderers and omit this platform?
WARNING: Shader If subshaders removal was intentional, you may have forgotten turning Fallback off?
WARNING: Shader Unsupported: 'Simulation/Standard Lit' - All subshaders removed
WARNING: Shader Did you use #pragma only_renderers and omit this platform?
WARNING: Shader If subshaders removal was intentional, you may have forgotten turning Fallback off?
WARNING: Shader Unsupported: 'Simulation/Standard Lit' - All subshaders removed
WARNING: Shader Did you use #pragma only_renderers and omit this platform?
WARNING: Shader If subshaders removal was intentional, you may have forgotten turning Fallback off?
WARNING: Shader Unsupported: 'Simulation/URP/Room X-Ray' - All subshaders removed
WARNING: Shader Did you use #pragma only_renderers and omit this platform?
WARNING: Shader If subshaders removal was intentional, you may have forgotten turning Fallback off?
WARNING: Shader Unsupported: 'Simulation/URP/Room X-Ray' - All subshaders removed
WARNING: Shader Did you use #pragma only_renderers and omit this platform?
WARNING: Shader If subshaders removal was intentional, you may have forgotten turning Fallback off?
WARNING: Shader Unsupported: 'Simulation/Room X-Ray' - All subshaders removed
WARNING: Shader Did you use #pragma only_renderers and omit this platform?
WARNING: Shader If subshaders removal was intentional, you may have forgotten turning Fallback off?
WARNING: Shader Unsupported: 'Simulation/Room X-Ray' - All subshaders removed
WARNING: Shader Did you use #pragma only_renderers and omit this platform?
WARNING: Shader If subshaders removal was intentional, you may have forgotten turning Fallback off?
WARNING: Shader Unsupported: 'Simulation/URP/Lit' - All subshaders removed
WARNING: Shader Did you use #pragma only_renderers and omit this platform?
WARNING: Shader If subshaders removal was intentional, you may have forgotten turning Fallback off?
WARNING: Shader Unsupported: 'Simulation/URP/Lit' - All subshaders removed
WARNING: Shader Did you use #pragma only_renderers and omit this platform?
WARNING: Shader If subshaders removal was intentional, you may have forgotten turning Fallback off?
Refreshing native plugins compatible for Editor in 13.30 ms, found 6 plugins.
Preloading 1 native plugins for Editor in 0.14 ms.
Unloading 55 Unused Serialized files (Serialized files now loaded: 0)
Unloading 6424 unused Assets / (13.8 MB). Loaded Objects now: 7114.
Memory consumption went from 184.4 MB to 170.7 MB.
Total: 14.887400 ms (FindLiveObjects: 1.340200 ms CreateObjectMapping: 1.257500 ms MarkObjects: 6.317900 ms  DeleteObjects: 5.971100 ms)

Prepare: number of updated asset objects reloaded= 0
========================================================================
Received Prepare
Begin MonoManager ReloadAssembly
- Loaded All Assemblies, in  1.202 seconds
Refreshing native plugins compatible for Editor in 11.64 ms, found 6 plugins.
Missing types referenced from component UniversalRenderPipelineGlobalSettings on game object UniversalRenderPipelineGlobalSettings:
	UnityEngine.Rendering.LightmapSamplingSettings, Unity.RenderPipelines.Core.Runtime (1 object)
	UnityEngine.Rendering.VrsRenderPipelineRuntimeResources, Unity.RenderPipelines.Core.Runtime (1 object)
Native extension for AppleTV target not found
Native extension for iOS target not found
Native extension for Android target not found
Native extension for WindowsStandalone target not found
[Package Manager] Failed to launch server process. Reason: Unity was launched with the -noUpm command-line argument
[Package Manager] Unable to send message (not connected to server process).
[Package Manager] Cannot connect to Unity Package Manager local server
System.Reflection.TargetInvocationException: Exception has been thrown by the target of an invocation. ---> System.NullReferenceException: Object reference not set to an instance of an object
  at Unity.XR.Oculus.OculusLoader.AssetPathToAbsolutePath (System.String assetPath) [0x00041] in .\Library\PackageCache\com.unity.xr.oculus@44578ba4bd45\Runtime\OculusLoader.cs:312 
  at Unity.XR.Oculus.OculusLoader.EditorLoadOVRPlugin () [0x000dd] in .\Library\PackageCache\com.unity.xr.oculus@44578ba4bd45\Runtime\OculusLoader.cs:297 
  at (wrapper managed-to-native) System.Reflection.RuntimeMethodInfo.InternalInvoke(System.Reflection.RuntimeMethodInfo,object,object[],System.Exception&)
  at System.Reflection.RuntimeMethodInfo.Invoke (System.Object obj, System.Reflection.BindingFlags invokeAttr, System.Reflection.Binder binder, System.Object[] parameters, System.Globalization.CultureInfo culture) [0x0006a] in <73ac12a12f9a4ebca156b41ddce95fbe>:0 
   --- End of inner exception stack trace ---
  at System.Reflection.RuntimeMethodInfo.Invoke (System.Object obj, System.Reflection.BindingFlags invokeAttr, System.Reflection.Binder binder, System.Object[] parameters, System.Globalization.CultureInfo culture) [0x00083] in <73ac12a12f9a4ebca156b41ddce95fbe>:0 
  at System.Reflection.MethodBase.Invoke (System.Object obj, System.Object[] parameters) [0x00000] in <73ac12a12f9a4ebca156b41ddce95fbe>:0 
  at UnityEditor.EditorAssemblies.ProcessInitializeOnLoadMethodAttributes () [0x00056] in <cd9b23508c04492a9e7051cbb9076578>:0 
UnityEngine.Debug:ExtractStackTraceNoAlloc (byte*,int,string)
UnityEngine.StackTraceUtility:ExtractStackTrace ()
UnityEngine.DebugLogHandler:Internal_Log (UnityEngine.LogType,UnityEngine.LogOption,string,UnityEngine.Object)
UnityEngine.DebugLogHandler:LogFormat (UnityEngine.LogType,UnityEngine.Object,string,object[])
UnityEngine.Logger:Log (UnityEngine.LogType,object)
UnityEngine.Debug:LogError (object)
UnityEditor.EditorAssemblies:ProcessInitializeOnLoadMethodAttributes ()

Mono: successfully reloaded assembly
[Package Manager] Failed to launch server process. Reason: Unity was launched with the -noUpm command-line argument
[Package Manager] Unable to send message (not connected to server process).
[Package Manager] Cannot connect to Unity Package Manager local server
- Finished resetting the current domain, in  1.265 seconds
Domain Reload Profiling: 2440ms
	BeginReloadAssembly (307ms)
		ExecutionOrderSort (0ms)
		DisableScriptedObjects (6ms)
		BackupInstance (0ms)
		ReleaseScriptingObjects (0ms)
		CreateAndSetChildDomain (57ms)
	RebuildCommonClasses (37ms)
	RebuildNativeTypeToScriptingClass (14ms)
	initialDomainReloadingComplete (50ms)
	LoadAllAssembliesAndSetupDomain (765ms)
		LoadAssemblies (710ms)
		RebuildTransferFunctionScriptingTraits (0ms)
		AnalyzeDomain (208ms)
			TypeCache.Refresh (6ms)
				TypeCache.ScanAssembly (0ms)
			BuildScriptInfoCaches (187ms)
			ResolveRequiredComponents (10ms)
	FinalizeReload (1266ms)
		ReleaseScriptCaches (0ms)
		RebuildScriptCaches (0ms)
		SetupLoadedEditorAssemblies (1051ms)
			LogAssemblyErrors (0ms)
			InitializePlatformSupportModulesInManaged (29ms)
			SetLoadedEditorAssemblies (5ms)
			BeforeProcessingInitializeOnLoad (277ms)
			ProcessInitializeOnLoadAttributes (596ms)
			ProcessInitializeOnLoadMethodAttributes (118ms)
			AfterProcessingInitializeOnLoad (26ms)
			EditorAssembliesLoaded (1ms)
		ExecutionOrderSort2 (0ms)
		AwakeInstancesAfterBackupRestoration (23ms)
WARNING: Shader Unsupported: 'Hidden/Simulation/URP/Synthetic' - All subshaders removed
WARNING: Shader Did you use #pragma only_renderers and omit this platform?
WARNING: Shader If subshaders removal was intentional, you may have forgotten turning Fallback off?
WARNING: Shader Unsupported: 'Hidden/Simulation/URP/Synthetic' - All subshaders removed
WARNING: Shader Did you use #pragma only_renderers and omit this platform?
WARNING: Shader If subshaders removal was intentional, you may have forgotten turning Fallback off?
WARNING: Shader Unsupported: 'Hidden/Simulation/Synthetic Lit' - All subshaders removed
WARNING: Shader Did you use #pragma only_renderers and omit this platform?
WARNING: Shader If subshaders removal was intentional, you may have forgotten turning Fallback off?
WARNING: Shader Unsupported: 'Hidden/Simulation/Synthetic Lit' - All subshaders removed
WARNING: Shader Did you use #pragma only_renderers and omit this platform?
WARNING: Shader If subshaders removal was intentional, you may have forgotten turning Fallback off?
WARNING: Shader Unsupported: 'Simulation/Standard Lit' - All subshaders removed
WARNING: Shader Did you use #pragma only_renderers and omit this platform?
WARNING: Shader If subshaders removal was intentional, you may have forgotten turning Fallback off?
WARNING: Shader Unsupported: 'Simulation/Standard Lit' - All subshaders removed
WARNING: Shader Did you use #pragma only_renderers and omit this platform?
WARNING: Shader If subshaders removal was intentional, you may have forgotten turning Fallback off?
WARNING: Shader Unsupported: 'Simulation/URP/Room X-Ray' - All subshaders removed
WARNING: Shader Did you use #pragma only_renderers and omit this platform?
WARNING: Shader If subshaders removal was intentional, you may have forgotten turning Fallback off?
WARNING: Shader Unsupported: 'Simulation/URP/Room X-Ray' - All subshaders removed
WARNING: Shader Did you use #pragma only_renderers and omit this platform?
WARNING: Shader If subshaders removal was intentional, you may have forgotten turning Fallback off?
WARNING: Shader Unsupported: 'Simulation/Room X-Ray' - All subshaders removed
WARNING: Shader Did you use #pragma only_renderers and omit this platform?
WARNING: Shader If subshaders removal was intentional, you may have forgotten turning Fallback off?
WARNING: Shader Unsupported: 'Simulation/Room X-Ray' - All subshaders removed
WARNING: Shader Did you use #pragma only_renderers and omit this platform?
WARNING: Shader If subshaders removal was intentional, you may have forgotten turning Fallback off?
WARNING: Shader Unsupported: 'Simulation/URP/Lit' - All subshaders removed
WARNING: Shader Did you use #pragma only_renderers and omit this platform?
WARNING: Shader If subshaders removal was intentional, you may have forgotten turning Fallback off?
WARNING: Shader Unsupported: 'Simulation/URP/Lit' - All subshaders removed
WARNING: Shader Did you use #pragma only_renderers and omit this platform?
WARNING: Shader If subshaders removal was intentional, you may have forgotten turning Fallback off?
Refreshing native plugins compatible for Editor in 10.26 ms, found 6 plugins.
Preloading 1 native plugins for Editor in 0.15 ms.
Unloading 55 Unused Serialized files (Serialized files now loaded: 0)
Unloading 6424 unused Assets / (14.0 MB). Loaded Objects now: 7117.
Memory consumption went from 186.3 MB to 172.4 MB.
Total: 14.391100 ms (FindLiveObjects: 0.695700 ms CreateObjectMapping: 0.815300 ms MarkObjects: 5.154400 ms  DeleteObjects: 7.724800 ms)

Prepare: number of updated asset objects reloaded= 0
========================================================================
Received Import Request.
  Time since last request: 308.701858 seconds.
  path: Assets/UI/ARScreenRecorder.cs
  artifactKey: Guid(0c75085fd5f0aaa448bcf17f5ffdf067) Importer(815301076,1909f56bfc062723c751e8b465ee728b)
Start importing Assets/UI/ARScreenRecorder.cs using Guid(0c75085fd5f0aaa448bcf17f5ffdf067) Importer(815301076,1909f56bfc062723c751e8b465ee728b) (PreviewImporter) -> (artifact id: 'a136ca91d20fbf8223609c0e4bca251c') in 0.0057625 seconds
Number of updated asset objects reloaded before import = 0Number of asset objects unloaded after import = 0

========================================================================
Received Prepare
[Licensing::Client] Successfully resolved entitlement details
Begin MonoManager ReloadAssembly
[Licensing::Client] Successfully resolved entitlement details
- Loaded All Assemblies, in  1.294 seconds
Refreshing native plugins compatible for Editor in 10.78 ms, found 6 plugins.
Missing types referenced from component UniversalRenderPipelineGlobalSettings on game object UniversalRenderPipelineGlobalSettings:
	UnityEngine.Rendering.LightmapSamplingSettings, Unity.RenderPipelines.Core.Runtime (1 object)
	UnityEngine.Rendering.VrsRenderPipelineRuntimeResources, Unity.RenderPipelines.Core.Runtime (1 object)
Native extension for AppleTV target not found
Native extension for iOS target not found
Native extension for Android target not found
Native extension for WindowsStandalone target not found
[Package Manager] Failed to launch server process. Reason: Unity was launched with the -noUpm command-line argument
[Package Manager] Unable to send message (not connected to server process).
[Package Manager] Cannot connect to Unity Package Manager local server
System.Reflection.TargetInvocationException: Exception has been thrown by the target of an invocation. ---> System.NullReferenceException: Object reference not set to an instance of an object
  at Unity.XR.Oculus.OculusLoader.AssetPathToAbsolutePath (System.String assetPath) [0x00041] in .\Library\PackageCache\com.unity.xr.oculus@44578ba4bd45\Runtime\OculusLoader.cs:312 
  at Unity.XR.Oculus.OculusLoader.EditorLoadOVRPlugin () [0x000dd] in .\Library\PackageCache\com.unity.xr.oculus@44578ba4bd45\Runtime\OculusLoader.cs:297 
  at (wrapper managed-to-native) System.Reflection.RuntimeMethodInfo.InternalInvoke(System.Reflection.RuntimeMethodInfo,object,object[],System.Exception&)
  at System.Reflection.RuntimeMethodInfo.Invoke (System.Object obj, System.Reflection.BindingFlags invokeAttr, System.Reflection.Binder binder, System.Object[] parameters, System.Globalization.CultureInfo culture) [0x0006a] in <73ac12a12f9a4ebca156b41ddce95fbe>:0 
   --- End of inner exception stack trace ---
  at System.Reflection.RuntimeMethodInfo.Invoke (System.Object obj, System.Reflection.BindingFlags invokeAttr, System.Reflection.Binder binder, System.Object[] parameters, System.Globalization.CultureInfo culture) [0x00083] in <73ac12a12f9a4ebca156b41ddce95fbe>:0 
  at System.Reflection.MethodBase.Invoke (System.Object obj, System.Object[] parameters) [0x00000] in <73ac12a12f9a4ebca156b41ddce95fbe>:0 
  at UnityEditor.EditorAssemblies.ProcessInitializeOnLoadMethodAttributes () [0x00056] in <cd9b23508c04492a9e7051cbb9076578>:0 
UnityEngine.Debug:ExtractStackTraceNoAlloc (byte*,int,string)
UnityEngine.StackTraceUtility:ExtractStackTrace ()
UnityEngine.DebugLogHandler:Internal_Log (UnityEngine.LogType,UnityEngine.LogOption,string,UnityEngine.Object)
UnityEngine.DebugLogHandler:LogFormat (UnityEngine.LogType,UnityEngine.Object,string,object[])
UnityEngine.Logger:Log (UnityEngine.LogType,object)
UnityEngine.Debug:LogError (object)
UnityEditor.EditorAssemblies:ProcessInitializeOnLoadMethodAttributes ()

Mono: successfully reloaded assembly
[Package Manager] Failed to launch server process. Reason: Unity was launched with the -noUpm command-line argument
[Package Manager] Unable to send message (not connected to server process).
[Package Manager] Cannot connect to Unity Package Manager local server
- Finished resetting the current domain, in  1.225 seconds
Domain Reload Profiling: 2488ms
	BeginReloadAssembly (323ms)
		ExecutionOrderSort (0ms)
		DisableScriptedObjects (7ms)
		BackupInstance (0ms)
		ReleaseScriptingObjects (0ms)
		CreateAndSetChildDomain (66ms)
	RebuildCommonClasses (46ms)
	RebuildNativeTypeToScriptingClass (16ms)
	initialDomainReloadingComplete (54ms)
	LoadAllAssembliesAndSetupDomain (824ms)
		LoadAssemblies (762ms)
		RebuildTransferFunctionScriptingTraits (0ms)
		AnalyzeDomain (225ms)
			TypeCache.Refresh (13ms)
				TypeCache.ScanAssembly (1ms)
			BuildScriptInfoCaches (196ms)
			ResolveRequiredComponents (12ms)
	FinalizeReload (1225ms)
		ReleaseScriptCaches (0ms)
		RebuildScriptCaches (0ms)
		SetupLoadedEditorAssemblies (1010ms)
			LogAssemblyErrors (0ms)
			InitializePlatformSupportModulesInManaged (34ms)
			SetLoadedEditorAssemblies (8ms)
			BeforeProcessingInitializeOnLoad (271ms)
			ProcessInitializeOnLoadAttributes (562ms)
			ProcessInitializeOnLoadMethodAttributes (108ms)
			AfterProcessingInitializeOnLoad (25ms)
			EditorAssembliesLoaded (1ms)
		ExecutionOrderSort2 (0ms)
		AwakeInstancesAfterBackupRestoration (23ms)
WARNING: Shader Unsupported: 'Hidden/Simulation/URP/Synthetic' - All subshaders removed
WARNING: Shader Did you use #pragma only_renderers and omit this platform?
WARNING: Shader If subshaders removal was intentional, you may have forgotten turning Fallback off?
WARNING: Shader Unsupported: 'Hidden/Simulation/URP/Synthetic' - All subshaders removed
WARNING: Shader Did you use #pragma only_renderers and omit this platform?
WARNING: Shader If subshaders removal was intentional, you may have forgotten turning Fallback off?
WARNING: Shader Unsupported: 'Hidden/Simulation/Synthetic Lit' - All subshaders removed
WARNING: Shader Did you use #pragma only_renderers and omit this platform?
WARNING: Shader If subshaders removal was intentional, you may have forgotten turning Fallback off?
WARNING: Shader Unsupported: 'Hidden/Simulation/Synthetic Lit' - All subshaders removed
WARNING: Shader Did you use #pragma only_renderers and omit this platform?
WARNING: Shader If subshaders removal was intentional, you may have forgotten turning Fallback off?
WARNING: Shader Unsupported: 'Simulation/Standard Lit' - All subshaders removed
WARNING: Shader Did you use #pragma only_renderers and omit this platform?
WARNING: Shader If subshaders removal was intentional, you may have forgotten turning Fallback off?
WARNING: Shader Unsupported: 'Simulation/Standard Lit' - All subshaders removed
WARNING: Shader Did you use #pragma only_renderers and omit this platform?
WARNING: Shader If subshaders removal was intentional, you may have forgotten turning Fallback off?
WARNING: Shader Unsupported: 'Simulation/URP/Room X-Ray' - All subshaders removed
WARNING: Shader Did you use #pragma only_renderers and omit this platform?
WARNING: Shader If subshaders removal was intentional, you may have forgotten turning Fallback off?
WARNING: Shader Unsupported: 'Simulation/URP/Room X-Ray' - All subshaders removed
WARNING: Shader Did you use #pragma only_renderers and omit this platform?
WARNING: Shader If subshaders removal was intentional, you may have forgotten turning Fallback off?
WARNING: Shader Unsupported: 'Simulation/Room X-Ray' - All subshaders removed
WARNING: Shader Did you use #pragma only_renderers and omit this platform?
WARNING: Shader If subshaders removal was intentional, you may have forgotten turning Fallback off?
WARNING: Shader Unsupported: 'Simulation/Room X-Ray' - All subshaders removed
WARNING: Shader Did you use #pragma only_renderers and omit this platform?
WARNING: Shader If subshaders removal was intentional, you may have forgotten turning Fallback off?
WARNING: Shader Unsupported: 'Simulation/URP/Lit' - All subshaders removed
WARNING: Shader Did you use #pragma only_renderers and omit this platform?
WARNING: Shader If subshaders removal was intentional, you may have forgotten turning Fallback off?
WARNING: Shader Unsupported: 'Simulation/URP/Lit' - All subshaders removed
WARNING: Shader Did you use #pragma only_renderers and omit this platform?
WARNING: Shader If subshaders removal was intentional, you may have forgotten turning Fallback off?
Refreshing native plugins compatible for Editor in 10.11 ms, found 6 plugins.
Preloading 1 native plugins for Editor in 0.14 ms.
Unloading 55 Unused Serialized files (Serialized files now loaded: 0)
Unloading 6424 unused Assets / (13.6 MB). Loaded Objects now: 7120.
Memory consumption went from 186.4 MB to 172.7 MB.
Total: 13.524500 ms (FindLiveObjects: 0.650000 ms CreateObjectMapping: 0.486200 ms MarkObjects: 4.965400 ms  DeleteObjects: 7.422000 ms)

Prepare: number of updated asset objects reloaded= 0
========================================================================
Received Prepare
Begin MonoManager ReloadAssembly
- Loaded All Assemblies, in  1.215 seconds
Refreshing native plugins compatible for Editor in 10.31 ms, found 6 plugins.
Missing types referenced from component UniversalRenderPipelineGlobalSettings on game object UniversalRenderPipelineGlobalSettings:
	UnityEngine.Rendering.LightmapSamplingSettings, Unity.RenderPipelines.Core.Runtime (1 object)
	UnityEngine.Rendering.VrsRenderPipelineRuntimeResources, Unity.RenderPipelines.Core.Runtime (1 object)
Native extension for AppleTV target not found
Native extension for iOS target not found
Native extension for Android target not found
Native extension for WindowsStandalone target not found
[Package Manager] Failed to launch server process. Reason: Unity was launched with the -noUpm command-line argument
[Package Manager] Unable to send message (not connected to server process).
[Package Manager] Cannot connect to Unity Package Manager local server
System.Reflection.TargetInvocationException: Exception has been thrown by the target of an invocation. ---> System.NullReferenceException: Object reference not set to an instance of an object
  at Unity.XR.Oculus.OculusLoader.AssetPathToAbsolutePath (System.String assetPath) [0x00041] in .\Library\PackageCache\com.unity.xr.oculus@44578ba4bd45\Runtime\OculusLoader.cs:312 
  at Unity.XR.Oculus.OculusLoader.EditorLoadOVRPlugin () [0x000dd] in .\Library\PackageCache\com.unity.xr.oculus@44578ba4bd45\Runtime\OculusLoader.cs:297 
  at (wrapper managed-to-native) System.Reflection.RuntimeMethodInfo.InternalInvoke(System.Reflection.RuntimeMethodInfo,object,object[],System.Exception&)
  at System.Reflection.RuntimeMethodInfo.Invoke (System.Object obj, System.Reflection.BindingFlags invokeAttr, System.Reflection.Binder binder, System.Object[] parameters, System.Globalization.CultureInfo culture) [0x0006a] in <73ac12a12f9a4ebca156b41ddce95fbe>:0 
   --- End of inner exception stack trace ---
  at System.Reflection.RuntimeMethodInfo.Invoke (System.Object obj, System.Reflection.BindingFlags invokeAttr, System.Reflection.Binder binder, System.Object[] parameters, System.Globalization.CultureInfo culture) [0x00083] in <73ac12a12f9a4ebca156b41ddce95fbe>:0 
  at System.Reflection.MethodBase.Invoke (System.Object obj, System.Object[] parameters) [0x00000] in <73ac12a12f9a4ebca156b41ddce95fbe>:0 
  at UnityEditor.EditorAssemblies.ProcessInitializeOnLoadMethodAttributes () [0x00056] in <cd9b23508c04492a9e7051cbb9076578>:0 
UnityEngine.Debug:ExtractStackTraceNoAlloc (byte*,int,string)
UnityEngine.StackTraceUtility:ExtractStackTrace ()
UnityEngine.DebugLogHandler:Internal_Log (UnityEngine.LogType,UnityEngine.LogOption,string,UnityEngine.Object)
UnityEngine.DebugLogHandler:LogFormat (UnityEngine.LogType,UnityEngine.Object,string,object[])
UnityEngine.Logger:Log (UnityEngine.LogType,object)
UnityEngine.Debug:LogError (object)
UnityEditor.EditorAssemblies:ProcessInitializeOnLoadMethodAttributes ()

Mono: successfully reloaded assembly
[Package Manager] Failed to launch server process. Reason: Unity was launched with the -noUpm command-line argument
[Package Manager] Unable to send message (not connected to server process).
[Package Manager] Cannot connect to Unity Package Manager local server
- Finished resetting the current domain, in  1.276 seconds
Domain Reload Profiling: 2468ms
	BeginReloadAssembly (300ms)
		ExecutionOrderSort (0ms)
		DisableScriptedObjects (7ms)
		BackupInstance (0ms)
		ReleaseScriptingObjects (0ms)
		CreateAndSetChildDomain (60ms)
	RebuildCommonClasses (37ms)
	RebuildNativeTypeToScriptingClass (13ms)
	initialDomainReloadingComplete (51ms)
	LoadAllAssembliesAndSetupDomain (792ms)
		LoadAssemblies (710ms)
		RebuildTransferFunctionScriptingTraits (0ms)
		AnalyzeDomain (226ms)
			TypeCache.Refresh (8ms)
				TypeCache.ScanAssembly (0ms)
			BuildScriptInfoCaches (201ms)
			ResolveRequiredComponents (13ms)
	FinalizeReload (1276ms)
		ReleaseScriptCaches (0ms)
		RebuildScriptCaches (0ms)
		SetupLoadedEditorAssemblies (1058ms)
			LogAssemblyErrors (0ms)
			InitializePlatformSupportModulesInManaged (25ms)
			SetLoadedEditorAssemblies (5ms)
			BeforeProcessingInitializeOnLoad (273ms)
			ProcessInitializeOnLoadAttributes (607ms)
			ProcessInitializeOnLoadMethodAttributes (125ms)
			AfterProcessingInitializeOnLoad (22ms)
			EditorAssembliesLoaded (1ms)
		ExecutionOrderSort2 (0ms)
		AwakeInstancesAfterBackupRestoration (22ms)
WARNING: Shader Unsupported: 'Hidden/Simulation/URP/Synthetic' - All subshaders removed
WARNING: Shader Did you use #pragma only_renderers and omit this platform?
WARNING: Shader If subshaders removal was intentional, you may have forgotten turning Fallback off?
WARNING: Shader Unsupported: 'Hidden/Simulation/URP/Synthetic' - All subshaders removed
WARNING: Shader Did you use #pragma only_renderers and omit this platform?
WARNING: Shader If subshaders removal was intentional, you may have forgotten turning Fallback off?
WARNING: Shader Unsupported: 'Hidden/Simulation/Synthetic Lit' - All subshaders removed
WARNING: Shader Did you use #pragma only_renderers and omit this platform?
WARNING: Shader If subshaders removal was intentional, you may have forgotten turning Fallback off?
WARNING: Shader Unsupported: 'Hidden/Simulation/Synthetic Lit' - All subshaders removed
WARNING: Shader Did you use #pragma only_renderers and omit this platform?
WARNING: Shader If subshaders removal was intentional, you may have forgotten turning Fallback off?
WARNING: Shader Unsupported: 'Simulation/Standard Lit' - All subshaders removed
WARNING: Shader Did you use #pragma only_renderers and omit this platform?
WARNING: Shader If subshaders removal was intentional, you may have forgotten turning Fallback off?
WARNING: Shader Unsupported: 'Simulation/Standard Lit' - All subshaders removed
WARNING: Shader Did you use #pragma only_renderers and omit this platform?
WARNING: Shader If subshaders removal was intentional, you may have forgotten turning Fallback off?
WARNING: Shader Unsupported: 'Simulation/URP/Room X-Ray' - All subshaders removed
WARNING: Shader Did you use #pragma only_renderers and omit this platform?
WARNING: Shader If subshaders removal was intentional, you may have forgotten turning Fallback off?
WARNING: Shader Unsupported: 'Simulation/URP/Room X-Ray' - All subshaders removed
WARNING: Shader Did you use #pragma only_renderers and omit this platform?
WARNING: Shader If subshaders removal was intentional, you may have forgotten turning Fallback off?
WARNING: Shader Unsupported: 'Simulation/Room X-Ray' - All subshaders removed
WARNING: Shader Did you use #pragma only_renderers and omit this platform?
WARNING: Shader If subshaders removal was intentional, you may have forgotten turning Fallback off?
WARNING: Shader Unsupported: 'Simulation/Room X-Ray' - All subshaders removed
WARNING: Shader Did you use #pragma only_renderers and omit this platform?
WARNING: Shader If subshaders removal was intentional, you may have forgotten turning Fallback off?
WARNING: Shader Unsupported: 'Simulation/URP/Lit' - All subshaders removed
WARNING: Shader Did you use #pragma only_renderers and omit this platform?
WARNING: Shader If subshaders removal was intentional, you may have forgotten turning Fallback off?
WARNING: Shader Unsupported: 'Simulation/URP/Lit' - All subshaders removed
WARNING: Shader Did you use #pragma only_renderers and omit this platform?
WARNING: Shader If subshaders removal was intentional, you may have forgotten turning Fallback off?
Refreshing native plugins compatible for Editor in 10.45 ms, found 6 plugins.
Preloading 1 native plugins for Editor in 0.16 ms.
Unloading 55 Unused Serialized files (Serialized files now loaded: 0)
Unloading 6424 unused Assets / (14.0 MB). Loaded Objects now: 7123.
Memory consumption went from 186.2 MB to 172.2 MB.
Total: 17.825300 ms (FindLiveObjects: 0.673500 ms CreateObjectMapping: 1.053800 ms MarkObjects: 8.262000 ms  DeleteObjects: 7.835200 ms)

Prepare: number of updated asset objects reloaded= 0
========================================================================
Received Prepare
[Licensing::Client] Successfully resolved entitlement details
Begin MonoManager ReloadAssembly
[Licensing::Client] Successfully resolved entitlement details
- Loaded All Assemblies, in  1.567 seconds
Refreshing native plugins compatible for Editor in 11.56 ms, found 6 plugins.
Missing types referenced from component UniversalRenderPipelineGlobalSettings on game object UniversalRenderPipelineGlobalSettings:
	UnityEngine.Rendering.LightmapSamplingSettings, Unity.RenderPipelines.Core.Runtime (1 object)
	UnityEngine.Rendering.VrsRenderPipelineRuntimeResources, Unity.RenderPipelines.Core.Runtime (1 object)
Native extension for AppleTV target not found
Native extension for iOS target not found
Native extension for Android target not found
Native extension for WindowsStandalone target not found
[Package Manager] Failed to launch server process. Reason: Unity was launched with the -noUpm command-line argument
[Package Manager] Unable to send message (not connected to server process).
[Package Manager] Cannot connect to Unity Package Manager local server
System.Reflection.TargetInvocationException: Exception has been thrown by the target of an invocation. ---> System.NullReferenceException: Object reference not set to an instance of an object
  at Unity.XR.Oculus.OculusLoader.AssetPathToAbsolutePath (System.String assetPath) [0x00041] in .\Library\PackageCache\com.unity.xr.oculus@44578ba4bd45\Runtime\OculusLoader.cs:312 
  at Unity.XR.Oculus.OculusLoader.EditorLoadOVRPlugin () [0x000dd] in .\Library\PackageCache\com.unity.xr.oculus@44578ba4bd45\Runtime\OculusLoader.cs:297 
  at (wrapper managed-to-native) System.Reflection.RuntimeMethodInfo.InternalInvoke(System.Reflection.RuntimeMethodInfo,object,object[],System.Exception&)
  at System.Reflection.RuntimeMethodInfo.Invoke (System.Object obj, System.Reflection.BindingFlags invokeAttr, System.Reflection.Binder binder, System.Object[] parameters, System.Globalization.CultureInfo culture) [0x0006a] in <73ac12a12f9a4ebca156b41ddce95fbe>:0 
   --- End of inner exception stack trace ---
  at System.Reflection.RuntimeMethodInfo.Invoke (System.Object obj, System.Reflection.BindingFlags invokeAttr, System.Reflection.Binder binder, System.Object[] parameters, System.Globalization.CultureInfo culture) [0x00083] in <73ac12a12f9a4ebca156b41ddce95fbe>:0 
  at System.Reflection.MethodBase.Invoke (System.Object obj, System.Object[] parameters) [0x00000] in <73ac12a12f9a4ebca156b41ddce95fbe>:0 
  at UnityEditor.EditorAssemblies.ProcessInitializeOnLoadMethodAttributes () [0x00056] in <cd9b23508c04492a9e7051cbb9076578>:0 
UnityEngine.Debug:ExtractStackTraceNoAlloc (byte*,int,string)
UnityEngine.StackTraceUtility:ExtractStackTrace ()
UnityEngine.DebugLogHandler:Internal_Log (UnityEngine.LogType,UnityEngine.LogOption,string,UnityEngine.Object)
UnityEngine.DebugLogHandler:LogFormat (UnityEngine.LogType,UnityEngine.Object,string,object[])
UnityEngine.Logger:Log (UnityEngine.LogType,object)
UnityEngine.Debug:LogError (object)
UnityEditor.EditorAssemblies:ProcessInitializeOnLoadMethodAttributes ()

Mono: successfully reloaded assembly
[Package Manager] Failed to launch server process. Reason: Unity was launched with the -noUpm command-line argument
[Package Manager] Unable to send message (not connected to server process).
[Package Manager] Cannot connect to Unity Package Manager local server
- Finished resetting the current domain, in  1.543 seconds
Domain Reload Profiling: 3067ms
	BeginReloadAssembly (418ms)
		ExecutionOrderSort (0ms)
		DisableScriptedObjects (7ms)
		BackupInstance (0ms)
		ReleaseScriptingObjects (0ms)
		CreateAndSetChildDomain (76ms)
	RebuildCommonClasses (52ms)
	RebuildNativeTypeToScriptingClass (20ms)
	initialDomainReloadingComplete (67ms)
	LoadAllAssembliesAndSetupDomain (966ms)
		LoadAssemblies (921ms)
		RebuildTransferFunctionScriptingTraits (0ms)
		AnalyzeDomain (269ms)
			TypeCache.Refresh (10ms)
				TypeCache.ScanAssembly (1ms)
			BuildScriptInfoCaches (241ms)
			ResolveRequiredComponents (14ms)
	FinalizeReload (1543ms)
		ReleaseScriptCaches (0ms)
		RebuildScriptCaches (0ms)
		SetupLoadedEditorAssemblies (1293ms)
			LogAssemblyErrors (0ms)
			InitializePlatformSupportModulesInManaged (36ms)
			SetLoadedEditorAssemblies (6ms)
			BeforeProcessingInitializeOnLoad (419ms)
			ProcessInitializeOnLoadAttributes (678ms)
			ProcessInitializeOnLoadMethodAttributes (132ms)
			AfterProcessingInitializeOnLoad (21ms)
			EditorAssembliesLoaded (1ms)
		ExecutionOrderSort2 (0ms)
		AwakeInstancesAfterBackupRestoration (20ms)
WARNING: Shader Unsupported: 'Hidden/Simulation/URP/Synthetic' - All subshaders removed
WARNING: Shader Did you use #pragma only_renderers and omit this platform?
WARNING: Shader If subshaders removal was intentional, you may have forgotten turning Fallback off?
WARNING: Shader Unsupported: 'Hidden/Simulation/URP/Synthetic' - All subshaders removed
WARNING: Shader Did you use #pragma only_renderers and omit this platform?
WARNING: Shader If subshaders removal was intentional, you may have forgotten turning Fallback off?
WARNING: Shader Unsupported: 'Hidden/Simulation/Synthetic Lit' - All subshaders removed
WARNING: Shader Did you use #pragma only_renderers and omit this platform?
WARNING: Shader If subshaders removal was intentional, you may have forgotten turning Fallback off?
WARNING: Shader Unsupported: 'Hidden/Simulation/Synthetic Lit' - All subshaders removed
WARNING: Shader Did you use #pragma only_renderers and omit this platform?
WARNING: Shader If subshaders removal was intentional, you may have forgotten turning Fallback off?
WARNING: Shader Unsupported: 'Simulation/Standard Lit' - All subshaders removed
WARNING: Shader Did you use #pragma only_renderers and omit this platform?
WARNING: Shader If subshaders removal was intentional, you may have forgotten turning Fallback off?
WARNING: Shader Unsupported: 'Simulation/Standard Lit' - All subshaders removed
WARNING: Shader Did you use #pragma only_renderers and omit this platform?
WARNING: Shader If subshaders removal was intentional, you may have forgotten turning Fallback off?
WARNING: Shader Unsupported: 'Simulation/URP/Room X-Ray' - All subshaders removed
WARNING: Shader Did you use #pragma only_renderers and omit this platform?
WARNING: Shader If subshaders removal was intentional, you may have forgotten turning Fallback off?
WARNING: Shader Unsupported: 'Simulation/URP/Room X-Ray' - All subshaders removed
WARNING: Shader Did you use #pragma only_renderers and omit this platform?
WARNING: Shader If subshaders removal was intentional, you may have forgotten turning Fallback off?
WARNING: Shader Unsupported: 'Simulation/Room X-Ray' - All subshaders removed
WARNING: Shader Did you use #pragma only_renderers and omit this platform?
WARNING: Shader If subshaders removal was intentional, you may have forgotten turning Fallback off?
WARNING: Shader Unsupported: 'Simulation/Room X-Ray' - All subshaders removed
WARNING: Shader Did you use #pragma only_renderers and omit this platform?
WARNING: Shader If subshaders removal was intentional, you may have forgotten turning Fallback off?
WARNING: Shader Unsupported: 'Simulation/URP/Lit' - All subshaders removed
WARNING: Shader Did you use #pragma only_renderers and omit this platform?
WARNING: Shader If subshaders removal was intentional, you may have forgotten turning Fallback off?
WARNING: Shader Unsupported: 'Simulation/URP/Lit' - All subshaders removed
WARNING: Shader Did you use #pragma only_renderers and omit this platform?
WARNING: Shader If subshaders removal was intentional, you may have forgotten turning Fallback off?
Refreshing native plugins compatible for Editor in 10.68 ms, found 6 plugins.
Preloading 1 native plugins for Editor in 0.18 ms.
Unloading 55 Unused Serialized files (Serialized files now loaded: 0)
Unloading 6424 unused Assets / (13.9 MB). Loaded Objects now: 7126.
Memory consumption went from 186.4 MB to 172.5 MB.
Total: 14.494900 ms (FindLiveObjects: 0.652000 ms CreateObjectMapping: 1.367600 ms MarkObjects: 5.226500 ms  DeleteObjects: 7.247700 ms)

Prepare: number of updated asset objects reloaded= 0
========================================================================
Received Prepare
[Licensing::Client] Successfully resolved entitlement details
Begin MonoManager ReloadAssembly
[Licensing::Client] Successfully resolved entitlement details
- Loaded All Assemblies, in  1.210 seconds
Refreshing native plugins compatible for Editor in 10.87 ms, found 6 plugins.
Missing types referenced from component UniversalRenderPipelineGlobalSettings on game object UniversalRenderPipelineGlobalSettings:
	UnityEngine.Rendering.LightmapSamplingSettings, Unity.RenderPipelines.Core.Runtime (1 object)
	UnityEngine.Rendering.VrsRenderPipelineRuntimeResources, Unity.RenderPipelines.Core.Runtime (1 object)
Native extension for AppleTV target not found
Native extension for iOS target not found
Native extension for Android target not found
Native extension for WindowsStandalone target not found
[Package Manager] Failed to launch server process. Reason: Unity was launched with the -noUpm command-line argument
[Package Manager] Unable to send message (not connected to server process).
[Package Manager] Cannot connect to Unity Package Manager local server
System.Reflection.TargetInvocationException: Exception has been thrown by the target of an invocation. ---> System.NullReferenceException: Object reference not set to an instance of an object
  at Unity.XR.Oculus.OculusLoader.AssetPathToAbsolutePath (System.String assetPath) [0x00041] in .\Library\PackageCache\com.unity.xr.oculus@44578ba4bd45\Runtime\OculusLoader.cs:312 
  at Unity.XR.Oculus.OculusLoader.EditorLoadOVRPlugin () [0x000dd] in .\Library\PackageCache\com.unity.xr.oculus@44578ba4bd45\Runtime\OculusLoader.cs:297 
  at (wrapper managed-to-native) System.Reflection.RuntimeMethodInfo.InternalInvoke(System.Reflection.RuntimeMethodInfo,object,object[],System.Exception&)
  at System.Reflection.RuntimeMethodInfo.Invoke (System.Object obj, System.Reflection.BindingFlags invokeAttr, System.Reflection.Binder binder, System.Object[] parameters, System.Globalization.CultureInfo culture) [0x0006a] in <73ac12a12f9a4ebca156b41ddce95fbe>:0 
   --- End of inner exception stack trace ---
  at System.Reflection.RuntimeMethodInfo.Invoke (System.Object obj, System.Reflection.BindingFlags invokeAttr, System.Reflection.Binder binder, System.Object[] parameters, System.Globalization.CultureInfo culture) [0x00083] in <73ac12a12f9a4ebca156b41ddce95fbe>:0 
  at System.Reflection.MethodBase.Invoke (System.Object obj, System.Object[] parameters) [0x00000] in <73ac12a12f9a4ebca156b41ddce95fbe>:0 
  at UnityEditor.EditorAssemblies.ProcessInitializeOnLoadMethodAttributes () [0x00056] in <cd9b23508c04492a9e7051cbb9076578>:0 
UnityEngine.Debug:ExtractStackTraceNoAlloc (byte*,int,string)
UnityEngine.StackTraceUtility:ExtractStackTrace ()
UnityEngine.DebugLogHandler:Internal_Log (UnityEngine.LogType,UnityEngine.LogOption,string,UnityEngine.Object)
UnityEngine.DebugLogHandler:LogFormat (UnityEngine.LogType,UnityEngine.Object,string,object[])
UnityEngine.Logger:Log (UnityEngine.LogType,object)
UnityEngine.Debug:LogError (object)
UnityEditor.EditorAssemblies:ProcessInitializeOnLoadMethodAttributes ()

Mono: successfully reloaded assembly
[Package Manager] Failed to launch server process. Reason: Unity was launched with the -noUpm command-line argument
[Package Manager] Unable to send message (not connected to server process).
[Package Manager] Cannot connect to Unity Package Manager local server
- Finished resetting the current domain, in  1.263 seconds
Domain Reload Profiling: 2445ms
	BeginReloadAssembly (302ms)
		ExecutionOrderSort (0ms)
		DisableScriptedObjects (6ms)
		BackupInstance (0ms)
		ReleaseScriptingObjects (0ms)
		CreateAndSetChildDomain (53ms)
	RebuildCommonClasses (39ms)
	RebuildNativeTypeToScriptingClass (12ms)
	initialDomainReloadingComplete (49ms)
	LoadAllAssembliesAndSetupDomain (780ms)
		LoadAssemblies (713ms)
		RebuildTransferFunctionScriptingTraits (0ms)
		AnalyzeDomain (217ms)
			TypeCache.Refresh (9ms)
				TypeCache.ScanAssembly (0ms)
			BuildScriptInfoCaches (190ms)
			ResolveRequiredComponents (13ms)
	FinalizeReload (1263ms)
		ReleaseScriptCaches (0ms)
		RebuildScriptCaches (0ms)
		SetupLoadedEditorAssemblies (1049ms)
			LogAssemblyErrors (0ms)
			InitializePlatformSupportModulesInManaged (28ms)
			SetLoadedEditorAssemblies (4ms)
			BeforeProcessingInitializeOnLoad (278ms)
			ProcessInitializeOnLoadAttributes (591ms)
			ProcessInitializeOnLoadMethodAttributes (124ms)
			AfterProcessingInitializeOnLoad (23ms)
			EditorAssembliesLoaded (1ms)
		ExecutionOrderSort2 (0ms)
		AwakeInstancesAfterBackupRestoration (25ms)
WARNING: Shader Unsupported: 'Hidden/Simulation/URP/Synthetic' - All subshaders removed
WARNING: Shader Did you use #pragma only_renderers and omit this platform?
WARNING: Shader If subshaders removal was intentional, you may have forgotten turning Fallback off?
WARNING: Shader Unsupported: 'Hidden/Simulation/URP/Synthetic' - All subshaders removed
WARNING: Shader Did you use #pragma only_renderers and omit this platform?
WARNING: Shader If subshaders removal was intentional, you may have forgotten turning Fallback off?
WARNING: Shader Unsupported: 'Hidden/Simulation/Synthetic Lit' - All subshaders removed
WARNING: Shader Did you use #pragma only_renderers and omit this platform?
WARNING: Shader If subshaders removal was intentional, you may have forgotten turning Fallback off?
WARNING: Shader Unsupported: 'Hidden/Simulation/Synthetic Lit' - All subshaders removed
WARNING: Shader Did you use #pragma only_renderers and omit this platform?
WARNING: Shader If subshaders removal was intentional, you may have forgotten turning Fallback off?
WARNING: Shader Unsupported: 'Simulation/Standard Lit' - All subshaders removed
WARNING: Shader Did you use #pragma only_renderers and omit this platform?
WARNING: Shader If subshaders removal was intentional, you may have forgotten turning Fallback off?
WARNING: Shader Unsupported: 'Simulation/Standard Lit' - All subshaders removed
WARNING: Shader Did you use #pragma only_renderers and omit this platform?
WARNING: Shader If subshaders removal was intentional, you may have forgotten turning Fallback off?
WARNING: Shader Unsupported: 'Simulation/URP/Room X-Ray' - All subshaders removed
WARNING: Shader Did you use #pragma only_renderers and omit this platform?
WARNING: Shader If subshaders removal was intentional, you may have forgotten turning Fallback off?
WARNING: Shader Unsupported: 'Simulation/URP/Room X-Ray' - All subshaders removed
WARNING: Shader Did you use #pragma only_renderers and omit this platform?
WARNING: Shader If subshaders removal was intentional, you may have forgotten turning Fallback off?
WARNING: Shader Unsupported: 'Simulation/Room X-Ray' - All subshaders removed
WARNING: Shader Did you use #pragma only_renderers and omit this platform?
WARNING: Shader If subshaders removal was intentional, you may have forgotten turning Fallback off?
WARNING: Shader Unsupported: 'Simulation/Room X-Ray' - All subshaders removed
WARNING: Shader Did you use #pragma only_renderers and omit this platform?
WARNING: Shader If subshaders removal was intentional, you may have forgotten turning Fallback off?
WARNING: Shader Unsupported: 'Simulation/URP/Lit' - All subshaders removed
WARNING: Shader Did you use #pragma only_renderers and omit this platform?
WARNING: Shader If subshaders removal was intentional, you may have forgotten turning Fallback off?
WARNING: Shader Unsupported: 'Simulation/URP/Lit' - All subshaders removed
WARNING: Shader Did you use #pragma only_renderers and omit this platform?
WARNING: Shader If subshaders removal was intentional, you may have forgotten turning Fallback off?
Refreshing native plugins compatible for Editor in 11.72 ms, found 6 plugins.
Preloading 1 native plugins for Editor in 0.20 ms.
Unloading 55 Unused Serialized files (Serialized files now loaded: 0)
Unloading 6424 unused Assets / (14.0 MB). Loaded Objects now: 7129.
Memory consumption went from 186.3 MB to 172.3 MB.
Total: 15.481000 ms (FindLiveObjects: 0.909600 ms CreateObjectMapping: 0.939000 ms MarkObjects: 6.028900 ms  DeleteObjects: 7.602000 ms)

Prepare: number of updated asset objects reloaded= 0
